fichier	octets	sha256
ratio-legis.sqlite	140693504	06256758c9a5afb9bc0dc78e1aefed394632dd9bda248c0e1b1df55091cee86b
LISEZ-MOI.md	4834	ab84ab5f307d18d0dc21780588a7cf17c22439769fd30ba411d8949bd8efe6ca
tsv/article.tsv	117032	cc2191332dd0adf8786221cb2052d398a20c93fdf9a0bb9af5f39cac069796a0
tsv/renumerote_de.tsv	41853	d0cc5f2285d13362851401a66eb9586d37c11930bbb9e611e79140f2c0609d12
tsv/texte_normatif.tsv	36083	b0b0a6c7a1f49d37fa77b70b7b087c41f94d5387a1749734ca78d8d270abb9ce
tsv/produite_par.tsv	507364	6e5927421d69c3330f1e763640d31b12296e4a7cdeca3bb9f7c81da0c3c748c6
tsv/issu_de.tsv	10228	ef69be96e81e5af198540fca179bfaa7b69c2276c2ce6b28fecac89698c2dc4f
tsv/dossier.tsv	33893	7df8b6668b4fb76d2e06a3a85fc03ea4a3d5cc4e0678441e4d6c150b3d96650a
tsv/verdict.tsv	75679	1cd388181dfdbda792ba083b9558ce317fe9c8f6effa3c4487fa1485c7e93b37
tsv/resulte_de.tsv	13899	fa4342377b344d6e6a03ef0717e2bc805ecf41bfb983ce1401674e647986b490
tsv/vise.tsv	10210	a0ca6046a11f333e37f17145852ab580033ea4c46d8cadd2726e6af35732de0f
tsv/sort_amendement.tsv	1044582	2d840983a82515497a167dbc02c6b22a8e72eed602cc2641b48e378680372491
tsv/porte_sur.tsv	3343878	cf4b6a59252ffa731d07158b5c4b57bf96c3c5edf83f17a3161ae96f461d2041
tsv/motive.tsv	32604	f210b5c01d0df9a999d1b2b689848e10f0690af0878df12338a03fb56c621ac5
tsv/transpose.tsv	451	56a89ac9d8950714f11c2d10086c7bd33ceee2cc52412dae3ab3755ee76c959e
tsv/cite_acte_ue.tsv	109610	155d1777bc7e9b78940fed48d3aa8dac503d6c0c28147ba32b9cd75e5c52fb07
tsv/acte_ue.tsv	40039	4fc3ac6dcf2ff6d9ea2097e65f04ff002c4304fe8a976da03a82303395c71ac8
tsv/renvoie_a.tsv	928495	d093ec13f1bba78950a3eaebc5d9ec12d0a7d021e07cf0f94072a5b5ad01e6e8
tsv/repris_de.tsv	398085	39e5bd72eb9df968c6164677428142461a91545431eca5351fdbf89aa51d732d
