dossier	fichier	type	signes	sha256	url
JORFDOLE000017758176	JORFDOLE000017758176__expose-motifs.txt	expose_des_motifs	16889	498fee3c1d8acb3886d7057c2a277a0f5bdab32e9e972f2345e22c9d256a5c87	
JORFDOLE000017758176	JORFDOLE000017758176__l06-420.html	rapport_commission	20759	6a1697062fb69b48e3df53fc02e2672ff766e3b368cbc7b1700a04432744387c	
JORFDOLE000017758176	JORFDOLE000017758176__l06-420_mono.html	rapport_commission	190849	0f668a264b74f65ca132c44a7a8ed7235bdec070c7637c4a0314a62935abfccb	
JORFDOLE000017758176	JORFDOLE000017758176__r0178.asp	rapport_commission	893228	66578dcd55fda1ea1c48bbfb87017e0aafdf66166adff0238da8021aaec205c8	
JORFDOLE000017758233	JORFDOLE000017758233__expose-motifs.txt	expose_des_motifs	16750	10232b033f7b6383abdb3535588cd6c2de022d398378e79f3a0f57eb352d9e08	
JORFDOLE000017758233	JORFDOLE000017758233__l06-181.html	rapport_commission	16440	8c9ddbc1b6c1b5c9fe70f084fb2d24247e658141d0d87fb0980932b0b41d6257	
JORFDOLE000017758233	JORFDOLE000017758233__l06-181_mono.html	rapport_commission	233497	04ccb5e595440951011615e4dbdddd2298541eebda391a79b87d41109ce08d44	
JORFDOLE000017758233	JORFDOLE000017758233__l06-261.html	rapport_commission	10337	fd81b4f2fcadef23374a689169380e0b12bc4280750cf59b70f167209279c90e	
JORFDOLE000017758233	JORFDOLE000017758233__l06-261_mono.html	rapport_commission	250842	40f85db40b6999d27d8a8f53799b3a43a32ed71524421592c5aea2e70669b194	
JORFDOLE000017758233	JORFDOLE000017758233__r3671.asp	rapport_commission	645910	2585ec12e644502df8339643a50debc46897dcabef21c0c0954f4a7a90f79a78	
JORFDOLE000017758233	JORFDOLE000017758233__r3767.asp	rapport_commission	232780	0e3acaec5331ba9b1a48e798e8ba135a8dbfe7363c2d8821b353fbb0d2299ba5	
JORFDOLE000017759076	JORFDOLE000017759076__i3077.asp	rapport_commission	74747	0fa045669644bbffc6b5816e70133ffafba972ca4eb545ebcb3175fdfdb47634	
JORFDOLE000017759076	JORFDOLE000017759076__l03-286.html	rapport_commission	11850	a16689a4b2e51136b33b46b08bfc51811b2f678a6aa4d54a65b61732a01e44d0	
JORFDOLE000017759076	JORFDOLE000017759076__l03-286_mono.html	rapport_commission	144358	b1f3f6e8c2c9462a76b22ce5bc30a8c429455a968eee00a3539996e1b0fe9bb2	
JORFDOLE000017759076	JORFDOLE000017759076__r1271.asp	rapport_commission	73835	ffc83afb69e9a42efb2ba08fddfffee16e3e0ac109b7ad1adbe1fce56543c669	
JORFDOLE000017759076	JORFDOLE000017759076__r1770.asp	rapport_commission	65224	8dc1c89cf03e7a6bab1ee88f9e8de4235e9b18c960b92ec2862ca5b387930d4e	
JORFDOLE000017760141	JORFDOLE000017760141__expose-motifs.txt	expose_des_motifs	36202	2f2caaa6f4a8757845df3deca0e0e11c7d79fea2258ab4a70835afc6f5557a34	
JORFDOLE000017760141	JORFDOLE000017760141__l02-401.html	rapport_commission	21964	f73ce9548255d14a8125858f35a6e636428bd6fca39796f677ad71a782b6c900	
JORFDOLE000017760141	JORFDOLE000017760141__l02-401_mono.html	rapport_commission	290654	5b5de1bd390b863649a6d4e3f685d925eb414279b41fc2f843c0dac539a8d24c	
JORFDOLE000017760141	JORFDOLE000017760141__r1003.asp	rapport_commission	292139	456d8d11286f55cfa598a3273a2d68d2a9fe300a7d119199c2220533ab599027	
JORFDOLE000017760141	JORFDOLE000017760141__r1053.asp	rapport_commission	295361	0f1a4f22e24eed5153d54dcccd13c50128fa065436014ca67848d2c5d68ad233	
JORFDOLE000017760197	JORFDOLE000017760197__expose-motifs.txt	expose_des_motifs	95095	19d448d59947775eb9a4bce62ca7423c3d7a70b7b64fd72f3c8d6a02bf6a0339	
JORFDOLE000017760197	JORFDOLE000017760197__l02-206-1.html	rapport_commission	25044	ded1a9f5df1f3b3ddbb4636533ed611341f10b6a252cc2707868edfce1bcc155	
JORFDOLE000017760197	JORFDOLE000017760197__l02-206-1_mono.html	rapport_commission	1426031	485e01eccee578d03e5983144c2b07d71882891bc7382f89ce6d4ab6943c06a4	
JORFDOLE000017760197	JORFDOLE000017760197__l02-206-2.html	rapport_commission	139296	dc7f7f511417fc93fbbb4d6ee4787b590be07267063bd60855d0c2fc5be591c2	
JORFDOLE000017760197	JORFDOLE000017760197__l02-206-2_mono.html	rapport_commission	140970	9618298f378a9aea59eae724b3600c7e0afdffc619f59c406431766bb70e1c84	
JORFDOLE000017760197	JORFDOLE000017760197__l02-319.html	rapport_commission	21270	4305579ad70152e5263b8ed7c9a07c626ba4af060696a8b7a7e49e016d5dbd73	
JORFDOLE000017760197	JORFDOLE000017760197__l02-319_mono.html	rapport_commission	928785	6124ef224af0ee840039ca4aa26866e994a5125b39e9654cd7c743051b56548a	
JORFDOLE000017760197	JORFDOLE000017760197__r0807-2.asp	rapport_commission	447838	3be8faa1faf0091b297791e5eae59ae06fde778ce98138e0342e2494ba87ec20	
JORFDOLE000017760197	JORFDOLE000017760197__r0807-3.asp	rapport_commission	415718	2601e073dbe215d20adac18f62ab6909645d4320f04717ab81686cc98971745b	
JORFDOLE000017760197	JORFDOLE000017760197__r0807-4.asp	rapport_commission	324071	47fddca4598fbaa64dbce6f67f1f22335749af28c6e77d1806c9e9caabd8fef5	
JORFDOLE000017760197	JORFDOLE000017760197__r0807-5.asp	rapport_commission	5923	04c64bc8be79b827e91bd6e57d58e8416764310cfcad2d5bba293baa884d7b58	
JORFDOLE000017760197	JORFDOLE000017760197__r0807.asp	rapport_commission	35355	abfae89e3cdb94c84d7cff4d311c845db27059f9aeb8fd4248b83831ede8d37a	
JORFDOLE000017760197	JORFDOLE000017760197__r0908.asp	rapport_commission	180591	ebdb986bd87404c6828f8e31b09e5d48b444d5cada710262ba3880ef9b3aea3d	
JORFDOLE000017760408	JORFDOLE000017760408__l02-036.html	rapport_commission	23559	92d7d2b829a98b593abc0e8a9433c1a45fe9f919d84629f07ca472ab03018d17	
JORFDOLE000017760408	JORFDOLE000017760408__l02-036_mono.html	rapport_commission	497859	46296a7a13b6e3d14b8788e293c670e9ba4cc0bf6b6feb1b82835c727d616fba	
JORFDOLE000017760408	JORFDOLE000017760408__l02-162.html	rapport_commission	456773	9a0ea09b3d7dfee1dbad271b78c405baeb068391bf4d9f2361e3de85c3d60140	
JORFDOLE000017760408	JORFDOLE000017760408__l02-162_mono.html	rapport_commission	456287	98864e42bc76ec2957201fbfee22e31389e051ceda0b155e5855d6c705374029	
JORFDOLE000017760408	JORFDOLE000017760408__r0508.asp	rapport_commission	404204	e87a1a895cc87070447d2d8a16bf61d565a4fe6838a8ce2b938a2c264889919b	
JORFDOLE000017760742	JORFDOLE000017760742__rapport-pr-JORFTEXT000000456743.txt	rapport_president_republique	61092	aa04348eccf20f192f92836f23f8d15e2019bc8addc1c0ae0f7f5132bccb54b2	
JORFDOLE000017760830	JORFDOLE000017760830__rapport-pr-JORFTEXT000000447728.txt	rapport_president_republique	9218	109ac745ed6a6916be29c7f1f1d8e03061d2e77070675a55f12f0eaf36f79e80	
JORFDOLE000017760926	JORFDOLE000017760926__rapport-pr-JORFTEXT000000448077.txt	rapport_president_republique	3991	c4b8b256a24f71023cfd5270f4e31fa4308740c9d86faf1854c7e9128b830a11	
JORFDOLE000017841208	JORFDOLE000017841208__expose-motifs.txt	expose_des_motifs	13511	0f1adb14e5ecaf2bad8b3ff1a2864b6655b85a15e6a3a55f36c641c10f7cdc93	
JORFDOLE000017841208	JORFDOLE000017841208__l07-111.html	rapport_commission	18257	381ebb49ce157122778d17ddbefabb816af7e509535b4ed4bddb48a5ca093ddd	
JORFDOLE000017841208	JORFDOLE000017841208__l07-111_mono.html	rapport_commission	325300	d1a78359245c64e70dbcb49bb225b3bc018762c77bc7f0469a85c5aa23b0e019	
JORFDOLE000017841208	JORFDOLE000017841208__r0412.asp	rapport_commission	328037	62f7fe32329a1f53fff7d2a5b2b045b2e53b038007651ec80a408304a382a7b3	
JORFDOLE000017841208	JORFDOLE000017841208__r0510.asp	rapport_commission	130748	adae160edaf2c89add70b2f43db1f94a05faa40ddb74eb9583fbe9ab35d195a9	
JORFDOLE000018730653	JORFDOLE000018730653__expose-motifs.txt	expose_des_motifs	58272	56e5eb1a96d29017a9d22aa9c09cd429c22b7c858fba6d9235e7673f79b8e057	
JORFDOLE000018730653	JORFDOLE000018730653__l07-413-1.html	rapport_commission	43010	c59a7b6614867baf3e30462a84ce687eeac201efdc2accf502394972052f62fc	
JORFDOLE000018730653	JORFDOLE000018730653__l07-413-1_mono.html	rapport_commission	1743241	46a5b6612ccf6377f9a19cce4d00b514638ea28433b8894e36951aa558b29ffb	
JORFDOLE000018730653	JORFDOLE000018730653__l07-413-2.html	rapport_commission	11513	6afc23f1d59afa23fb2db138c248f21f77c82fd443758d0ae72986c19dd426b5	
JORFDOLE000018730653	JORFDOLE000018730653__l07-476.html	rapport_commission	13830	3d16fd8c7e0ab454285b5150873c88894dd45b62b94c6c5549d6bb821aa941cd	
JORFDOLE000018730653	JORFDOLE000018730653__l07-476_mono.html	rapport_commission	1195323	091d669bf91a3496e7bf9f1dc30926e53100f2a604c1a504339fef93a7244d13	
JORFDOLE000018730653	JORFDOLE000018730653__r0908.asp	rapport_commission	1832539	f14d733ccd3217acfa878e62fdf4a196079cdad7b76d5ba6644b6c378004006a	
JORFDOLE000019648575	JORFDOLE000019648575__l08-209-1.html	rapport_commission	35251	12716bd5a3555408032cd8e68a1ef9e3d4e304eab036166443c45888ce3750c4	
JORFDOLE000019648575	JORFDOLE000019648575__l08-209-1_mono.html	rapport_commission	764092	11eda14d3d9dcd39a55b6d5ffd8d45ad0646ad677b129bafd49c744a30d34e94	
JORFDOLE000019648575	JORFDOLE000019648575__l08-209-2.html	rapport_commission	11763	151648289431da8c86d2f5b727ee9ec352645464674630f8fddf56246dd3920d	
JORFDOLE000019648575	JORFDOLE000019648575__r1145.asp	rapport_commission	1846047	20fe30fafff717ca02967b25405ce1a9c2fa002887c4794a6959faac28d687ee	
JORFDOLE000020132583	JORFDOLE000020132583__l08-161.html	rapport_commission	18964	970c1c2282f4402313281d1926de1fa48e57739fa83c1458c805201226971f18	
JORFDOLE000020132583	JORFDOLE000020132583__l08-16115.html#toc80	rapport_commission	60872	4a65083f7f365874902c126f2c1a035c6a1553d6a6ddd9baa0a1d9de7230a5de	
JORFDOLE000020132583	JORFDOLE000020132583__l08-161_mono.html	rapport_commission	325998	93527bbd9fb3721e1adbb1d9e070e7943942b670e09bdd3f6084223a164c7a73	
JORFDOLE000020132583	JORFDOLE000020132583__l10-129.html	rapport_commission	19746	0ec7c5a9d5458d2582d47e227a17b4b083e76e5e68f119d3e417f14a647173d5	
JORFDOLE000020132583	JORFDOLE000020132583__l10-129_mono.html	rapport_commission	143634	dc90027953de4df7191517b0e5a8ef3b88bf158e5abc8ad4a386362ecd16d100	
JORFDOLE000020132583	JORFDOLE000020132583__r2622.asp	rapport_commission	551137	cd20ca73f0251386223afd6c52e6b3afb86feaabe3893ddac586dccbe54ffa62	
JORFDOLE000020213483	JORFDOLE000020213483__expose-motifs.txt	expose_des_motifs	12150	37c724e5425d5bebbfd0abd69637a90e103a79a4c48be80b4cf8e8ac4d41f316	
JORFDOLE000020213483	JORFDOLE000020213483__l08-304.html	rapport_commission	13758	72746907602d5d46a3985265657a843a46414452fcfe2b403500a7e1680c255c	
JORFDOLE000020213483	JORFDOLE000020213483__l08-304_mono.html	rapport_commission	319889	84fc2a99cc87bb9297e4e78e62a8e94f8a90e1cd613f9428a50e5f1a51dfb84a	
JORFDOLE000020213483	JORFDOLE000020213483__l08-507.html	rapport_commission	17851	f4b107668ecf32d8392b2da83054d029643470bd321d93de203830d16609316d	
JORFDOLE000020213483	JORFDOLE000020213483__l08-507_mono.html	rapport_commission	271612	e629629745b9dab500f1e437a6ccac8d9bd4d494ae1ae90e0a599d5e33242909	
JORFDOLE000020213483	JORFDOLE000020213483__r1722.asp	rapport_commission	751929	b98daa7a2da1863357c43dafb572a4d0732f425afe8cb52bbecbe2d3a4a82e54	
JORFDOLE000020542090	JORFDOLE000020542090__expose-motifs.txt	expose_des_motifs	30949	347bec0a92e08638f05cb8bc3e602e534739abe35e5e6fd395098f7c07d5e34b	
JORFDOLE000020542090	JORFDOLE000020542090__l08-447.html	rapport_commission	26246	1ae47a918e51c958dd387931c1d4b10327268b16e33ca7cba6975c858dd2ef7f	
JORFDOLE000020542090	JORFDOLE000020542090__l08-447_mono.html	rapport_commission	960768	626b66cb5fc8a7864bec6ebb4c520087e4a038512dbc6ffafda6ad9935926641	
JORFDOLE000020542090	JORFDOLE000020542090__l09-538.html	rapport_commission	21524	e5cc8d45f5e6d36fa3a785353881f0eaf8c9ac244b29707a7d31db90902d40e5	
JORFDOLE000020542090	JORFDOLE000020542090__l09-538_mono.html	rapport_commission	339571	144a7dfdafd19b19f433ea49d3e5a7b49aaff45e3f5ecbe62dfa5abc3d4f75bb	
JORFDOLE000020542090	JORFDOLE000020542090__r2150.asp	rapport_commission	1118816	d9f148f4d103ef9465e7871167bad2ae100ea52e3d6c24781bf5d4f76b8a728b	
JORFDOLE000020913188	JORFDOLE000020913188__expose-motifs.txt	expose_des_motifs	11408	d9722e63227f4701c92547d3c497120cc5655dbd0577a7a5fb740c381a143d2d	
JORFDOLE000020913188	JORFDOLE000020913188__l09-507.html	rapport_commission	22959	68420759dd76375016fac54e1ac739376833491ed166ba8ac1da8cf8d6145113	
JORFDOLE000020913188	JORFDOLE000020913188__l09-507_mono.html	rapport_commission	503988	c21dad679d3a4c0d65454ce2c01f021a8ec8aeb5f6af46f672c7b8e4d639d8dd	
JORFDOLE000020913188	JORFDOLE000020913188__l09-594.html	rapport_commission	10828	f599b86072864c8e597e808fa021cf9d4acaea8e8315ef0601e227b0bad330e0	
JORFDOLE000020913188	JORFDOLE000020913188__l09-594_mono.html	rapport_commission	37542	7252bb280263a88cc0a24689dc904e659c8196db85d7d0f14d56fabe0b25b797	
JORFDOLE000020913188	JORFDOLE000020913188__r2388.asp	rapport_commission	792141	23db74fc7600b051b048751e0f694c136175caa29af0bc1eddd70bd28416fb53	
JORFDOLE000020913188	JORFDOLE000020913188__r2637.asp	rapport_commission	321053	92696f357c6b2f3757d85d4b88c1c667b68ab01b89b229755a11d40e780e48de	
JORFDOLE000021369332	JORFDOLE000021369332__l10-020-1.html	rapport_commission	57978	72ad3b00a23a8de63e25d5916866a6e28faa57f61be5bf7c6b8f8ddc8fb44ef3	
JORFDOLE000021369332	JORFDOLE000021369332__l10-020-1_mono.html	rapport_commission	944720	c53b9a237b395136c623aac3cce5ba6e45be4317d44e0cd90a74ab975c852399	
JORFDOLE000021369332	JORFDOLE000021369332__l10-020-2.html	rapport_commission	11762	fd169df99411d1a59eb96df4e56bfcd7480468b693fd45b8ce0796e970e37d8f	
JORFDOLE000021369332	JORFDOLE000021369332__l10-020-3.html	rapport_commission	916706	6be8233692df5739739975d441532a69048e40d702a1a5e9f7a83ac3a5d03bf2	
JORFDOLE000021369332	JORFDOLE000021369332__l10-341.html	rapport_commission	29560	9ae2ce8f0588d1b5f426a4c783974a02372082c82d7f85a3ca2a0387dde6bb3e	
JORFDOLE000021369332	JORFDOLE000021369332__l10-341_mono.html	rapport_commission	222550	a9c08d1095a60fc1d030ca3434d1d47ccc967fd0c6ee02f548b075220f452145	
JORFDOLE000021369332	JORFDOLE000021369332__r2095-a0.asp	rapport_commission	270787	d51278013b49534d0dc015781b6f4e2d957ce15515560487dc4610dcc1893cfe	
JORFDOLE000021369332	JORFDOLE000021369332__r2095-tI.asp	rapport_commission	1262598	661d3e9e6764d524d035a6dd34ee226b015edc16e60ef6ed11410ebdae25659f	
JORFDOLE000021369332	JORFDOLE000021369332__r2095-tII.asp	rapport_commission	1907780	b937d455049c93383876e896ae00cce561bee0d8480b6e040edd20d9fbcccba4	
JORFDOLE000021369332	JORFDOLE000021369332__r3112.asp	rapport_commission	1278124	9fd16e98b05c7f90e73ab8d5fd9796ce6642e2e467d8c391af1f9a584f302871	
JORFDOLE000021369332	JORFDOLE000021369332__r3312.asp	rapport_commission	7063	23e218bed61509ff7f12bdc2ed161b7c4569d042e0f64ede77a1e4b2c84200f3	
JORFDOLE000021490698	JORFDOLE000021490698__etude-impact-1.txt	etude_impact	121787	83815fcb59d407924d1b5461c78547c83ebdc1408acffd0d5017892053b106d3	
JORFDOLE000021490698	JORFDOLE000021490698__expose-motifs.txt	expose_des_motifs	7545	c41259baeab009a02054f09d4f9e03c1c30fe1d04fec70f830aa614b5967dc48	
JORFDOLE000021490698	JORFDOLE000021490698__l09-703-1.html	rapport_commission	29439	faa2a369a0249cc86299befe362fc717decea335e451656c7367ab69d3d5146d	
JORFDOLE000021490698	JORFDOLE000021490698__l09-703-1_mono.html	rapport_commission	1395360	00f79031727105013f00c804bbbf9878c78fa57af2714510ffcc68c45fe2fed2	
JORFDOLE000021490698	JORFDOLE000021490698__l09-703-2.html	rapport_commission	11551	620bafddae07ac317a94280e6a3e0f907e966e5c5a4fc7cb950b2300e35d8685	
JORFDOLE000021490698	JORFDOLE000021490698__r2550.asp	rapport_commission	691209	bc73cc57123a640797ef6f4584185bbc76058d48cd61094ff224e0a1e449552e	
JORFDOLE000021490698	JORFDOLE000021490698__r2848.asp	rapport_commission	292908	8d1ab6b80f1a8207fb8e2f1a28d20ad6ce6a84c925d34f1484790af9d8592ea3	
JORFDOLE000021673304	JORFDOLE000021673304__etude-impact-1.txt	etude_impact	491102	fe5794fd9f47c50d2b740c8c47087f24c2aab5701530d1058a102a31f709537d	
JORFDOLE000021673304	JORFDOLE000021673304__expose-motifs.txt	expose_des_motifs	53937	a28ffcced3b81b2f448d7f54737dff57e8b68503baa3f43100bc2fe129a6d4cb	
JORFDOLE000021673304	JORFDOLE000021673304__l09-436.html	rapport_commission	22113	d3a97f7e89546c48a7178ba9b628f814b5948c35bc1750894f1c36055c165a77	
JORFDOLE000021673304	JORFDOLE000021673304__l09-436_mono.html	rapport_commission	568687	acea84fc5010464f183dc27a2fa791bf36d3caf363f7fb9603a0c77e0814bdd7	
JORFDOLE000021673304	JORFDOLE000021673304__l09-654.html	rapport_commission	10057	51c0b0581551ddffeed3fd3365b43f3751edc7755d8b5026b17b72469128c794	
JORFDOLE000021673304	JORFDOLE000021673304__l09-654_mono.html	rapport_commission	636976	42845708833d7a3bc2bedd48e97fd0ec9d333bf2e9144d3fb8f7655e282e9b11	
JORFDOLE000021673304	JORFDOLE000021673304__r2636.asp	rapport_commission	2034842	21faa43884dd1e2391348e20936d5ffb597557c8a9718b1d40c792746fe59ea0	
JORFDOLE000021897051	JORFDOLE000021897051__rapport-pr-JORFTEXT000021868216.txt	rapport_president_republique	15546	d46a6dcbc1f0514646850723a008c1c89799ea7749d5df964ef973a28cda5c31	
JORFDOLE000021901657	JORFDOLE000021901657__etude-impact-1.txt	etude_impact	148767	54737768701cf7b76def7fdf3acddb2a7d17f24ea32a1ac3970630d9660b3b1b	
JORFDOLE000021901657	JORFDOLE000021901657__expose-motifs.txt	expose_des_motifs	17669	2a851d0bdef0eedb82aac4aced9f992a0c7556e2ffae5fad293cd90946ed7450	
JORFDOLE000021901657	JORFDOLE000021901657__l10-394.html	rapport_commission	23375	41b849dcb5d103b180d22ca8602d193452e3c62a6449cd3fe45323ba2d71a2e3	
JORFDOLE000021901657	JORFDOLE000021901657__l10-394_mono.html	rapport_commission	452101	2ac8243f65bac6326668dcd8931c27b8192aa83376227236caeeda5fefe5965f	
JORFDOLE000021901657	JORFDOLE000021901657__l10-729.html	rapport_commission	198127	f22c358b5fd16c8efc5734c77a1dff67b1e503862a10751943ba11a732fba76a	
JORFDOLE000021901657	JORFDOLE000021901657__l11-024.html	rapport_commission	201440	5608621983cd8f6853357f5d95f8b3d16be2fb833f8a13f5fee80dad30253550	
JORFDOLE000021901657	JORFDOLE000021901657__l11-024_mono.html	rapport_commission	201364	9f7b2ff81fcdf8c2dfe53c787341399b1ec5bf7ba81792517f30a0bd00670685	
JORFDOLE000021901657	JORFDOLE000021901657__r3604.asp	rapport_commission	1290460	027f88f9bceb9c32ceafd259ce92caa52f95cd4d2dbe6774abf940e95629a29e	
JORFDOLE000021901657	JORFDOLE000021901657__r3642.asp	rapport_commission	202111	e1d3594237ae737bda5ba7a565fdca0c79b64b3f6b13b7e1a901c10dda4a73f5	
JORFDOLE000021901657	JORFDOLE000021901657__r3884.asp	rapport_commission	14821	218eff1f4c3c8424c0e709ec138efd9ec6e442d6f8857b34b65590640fa97be8	
JORFDOLE000021947750	JORFDOLE000021947750__rapport-pr-JORFTEXT000000274696.txt	rapport_president_republique	8595	2a0d8619f3ad841ef345e26c71871e5c810d624b9809a7141ac6c1c60bbb002d	
JORFDOLE000021947761	JORFDOLE000021947761__rapport-pr-JORFTEXT000000615821.txt	rapport_president_republique	4576	74e5bae59897434529129e35fd6615055e9d14d7bc29f519d18cf61d6a98da3e	
JORFDOLE000021979239	JORFDOLE000021979239__rapport-pr-JORFTEXT000000448450.txt	rapport_president_republique	11845	3eee0ac237fdc651d3a7aadba6add2714192d5e4f53ee252b1d410ef08a48737	
JORFDOLE000022204472	JORFDOLE000022204472__rapport-pr-JORFTEXT000022176653.txt	rapport_president_republique	11140	b597dd3bee0fd79ae35ba0a67be356d67003e5a13c5af02855f968665c981804	
JORFDOLE000022204474	JORFDOLE000022204474__rapport-pr-JORFTEXT000022176617.txt	rapport_president_republique	15162	96b10cc6a0a62af5825a84a1242488064fe80ae5d544f97f9b9759a7fa156de1	
JORFDOLE000022204475	JORFDOLE000022204475__rapport-pr-JORFTEXT000022176473.txt	rapport_president_republique	12041	9706650b92f4f5c0cf821edac78213b4da27f2993d0dad8d96550274e901d15d	
JORFDOLE000022204481	JORFDOLE000022204481__rapport-pr-JORFTEXT000022148462.txt	rapport_president_republique	3970	06c36eac379869ca276bc8e4abe2374db3ca88209e3e8639d60f4c5220cd7293	
JORFDOLE000024684762	JORFDOLE000024684762__l11-224-1.html	rapport_commission	11586	05fc832d4240a329ae8702bd3718efca9d4986f757e6960b43c04706147d82b7	
JORFDOLE000024684762	JORFDOLE000024684762__l11-224-1_mono.html	rapport_commission	164647	12863c3df5ec624ce3146a6ccfcae3f2f00212d56f9d4f2e2cad11fcb37db909	
JORFDOLE000024684762	JORFDOLE000024684762__l11-224-2.html	rapport_commission	423255	6374a1333825b23bf00d81bcee3eee9154249e10a01fe464f4d2b863dc4a3465	
JORFDOLE000024684762	JORFDOLE000024684762__l11-366.html	rapport_commission	10156	eed53f69d40f8881e105944da5c614bf78a4f51a78310e55ee220b09ee5eb01a	
JORFDOLE000024684762	JORFDOLE000024684762__l11-366_mono.html	rapport_commission	27680	a0124b6f16875cfaf99057dee3571d1176f55aa9bd2dad5cfb8432163f787000	
JORFDOLE000024684762	JORFDOLE000024684762__r3787-tI.asp	rapport_commission	1327512	ea29836d2948a026fc5b9cc9f5be3dfddd1b5007dec0a63f5c6aa2ffc53afb33	
JORFDOLE000024684762	JORFDOLE000024684762__r3787-tII.asp	rapport_commission	1182535	2da5acb9bde11756206ff014af079d89396c7b911652b51335544a342682f4d6	
JORFDOLE000024684762	JORFDOLE000024684762__r4185.asp	rapport_commission	11739	c627b550cf69204066afd4f25eddd79bb995ac1f78b3accd6b231777e94ae2dd	
JORFDOLE000024684762	JORFDOLE000024684762__r4217.asp	rapport_commission	557294	16c1a9f4f8aec321bcad6f7cb12a9dae8088694109134a0b7a1121e30f9949b3	
JORFDOLE000024684762	JORFDOLE000024684762__r4397.asp	rapport_commission	20039	3d7a26a5e31d061589f810aac4f5352d09637b597c9a00482ad619f92f63c4db	
JORFDOLE000026795365	JORFDOLE000026795365__etude-impact-1.txt	etude_impact	216061	1f276a74c7686853fd59f69f3ed9c49bed49059a033b76ad82552896891a99a0	
JORFDOLE000026795365	JORFDOLE000026795365__expose-motifs.txt	expose_des_motifs	60656	4aa6eef5af5e3c905f561d86fd5f9b96480533342984a8cf750dfaeabb1ab514	
JORFDOLE000026795365	JORFDOLE000026795365__l12-422-1.html	rapport_commission	26974	85f07bc8899b2664d73b6b2d845051f5721b51935c455e8de006f56b7ceff23b	
JORFDOLE000026795365	JORFDOLE000026795365__l12-422-1_mono.html	rapport_commission	919219	bd4a9b72b294f320538c3be1a37277f3819550603e1fe7299e49ae6038a101f1	
JORFDOLE000026795365	JORFDOLE000026795365__l12-422-2.html	rapport_commission	11559	45598b0fb1ee46a9809b167171d6c2ebbe54c37e7cab5cb45f451ce4fbc1bfe5	
JORFDOLE000026795365	JORFDOLE000026795365__l12-681.html	rapport_commission	17495	9b01082c055477bd58e7f16114a4d4126b33873f8ce54933154be19f2a019106	
JORFDOLE000026795365	JORFDOLE000026795365__l12-681_mono.html	rapport_commission	163289	7aca851e1575f40974917e59f33e9b34ca7b379813553782c9039dd8829ff20a	
JORFDOLE000026795365	JORFDOLE000026795365__r0707.asp	rapport_commission	618740	86889d0ca050d4f0f318d166e90a536b904f8220013e7d2b966ae5c4ae0e21b8	
JORFDOLE000026795365	JORFDOLE000026795365__r1091.asp	rapport_commission	294081	cec27d915d81e94cf66cbb582c63431ac088f9744e31980b752c3b90119c0f25	
JORFDOLE000026795365	JORFDOLE000026795365__r1247.asp	rapport_commission	83184	728450215ee399aa65891ee1a85e3814df7fd5f624b6c135a7b2350196930076	
JORFDOLE000026870905	JORFDOLE000026870905__rapport-pr-JORFTEXT000026805087.txt	rapport_president_republique	8345	00cf888a5d2a94533a12007747e053eb56bd1ae628ff60febccd503f8e78e563	
JORFDOLE000026886919	JORFDOLE000026886919__etude-impact-1.txt	etude_impact	231046	f0b134bf6cae02cc8a20c5d76edea9e77642ba48abb5ca7e90e3654483be9458	
JORFDOLE000026886919	JORFDOLE000026886919__expose-motifs.txt	expose_des_motifs	37166	62c3cb5e054c5fd9e1b7a0ffdc00b581cfc28378578c347e7817d7e09680a2b7	
JORFDOLE000026886919	JORFDOLE000026886919__l12-338.html	rapport_commission	17411	94411efe71ff19df11334a74ed88406aa95116354a6f2cc9f72efd7fe484ea4e	
JORFDOLE000026886919	JORFDOLE000026886919__l12-338_mono.html	rapport_commission	346029	fe752f33248f917fb2e8c637c7751025c64eb7653ca3104c30131137ccbff110	
JORFDOLE000026886919	JORFDOLE000026886919__l12-514.html	rapport_commission	10924	fba7c1aaf24623af59c3814d536d12c8dfee889921ad600386b19297dc82a52f	
JORFDOLE000026886919	JORFDOLE000026886919__l12-514_mono.html	rapport_commission	182637	67f325e573633f21012be7f170958ab0895bfb68a39c3f8fc04ca37a2c36ec53	
JORFDOLE000026886919	JORFDOLE000026886919__r0850.asp	rapport_commission	709542	42129f2d51281c146b98ca51fe4edcf2167986fbb335e8cb03c69b2ef0a1e9f2	
JORFDOLE000027383756	JORFDOLE000027383756__etude-impact-1.txt	etude_impact	538644	befc89fe029309d4d56fad74792b633303229b1beed51c2b5f7058974aa37c47	
JORFDOLE000027383756	JORFDOLE000027383756__expose-motifs.txt	expose_des_motifs	31813	b3037cb0f7d5d3450a043afd3263a2b55d5bbfd15aeff5aafd207073dac02e2d	
JORFDOLE000027383756	JORFDOLE000027383756__l12-809-1.html	rapport_commission	34853	0001519a715cdf1bced2e1f6374eef417969dc5ce6f643c984f3e3e26217b410	
JORFDOLE000027383756	JORFDOLE000027383756__l12-809-1_mono.html	rapport_commission	1213985	05276fd9d273db1f09828144b9ebf8e6329b35ca031f9a681626db3717a873d6	
JORFDOLE000027383756	JORFDOLE000027383756__l12-809-2.html	rapport_commission	872963	25c49d18f194017ee411c206e137900a4ddc2eb8fa474400fc8878296b948861	
JORFDOLE000027383756	JORFDOLE000027383756__l13-282.html	rapport_commission	22724	fe912f561249e390e8593246e6ad95b434efe57cda70e25e670585b980c508a8	
JORFDOLE000027383756	JORFDOLE000027383756__l13-282_mono.html	rapport_commission	406689	cb5c3950afce9eeeda9c83bdfe75f08c41eaab7c5f09def533fddb16c1dcb097	
JORFDOLE000027383756	JORFDOLE000027383756__r1156.asp	rapport_commission	2024339	ff168e144a85b0d5c0a7834e830228210f3ebc233adf7bd5630819726dc574d1	
JORFDOLE000027383756	JORFDOLE000027383756__r1574.asp	rapport_commission	1347740	8de797a58d9678f36e9cf9661226f80a17854591fa82678f6c97362f48795059	
JORFDOLE000027383756	JORFDOLE000027383756__r1773.asp	rapport_commission	359035	731c3efdfcfd688fb767163518a8dc886ad1f7ada77c26a43b37c393aed9fc73	
JORFDOLE000029134377	JORFDOLE000029134377__etude-impact-1.txt	etude_impact	297644	2837a40e8e9eb11bc64e8104bf0938272df969a891af331f65cf95f05390e5ac	
JORFDOLE000029134377	JORFDOLE000029134377__expose-motifs.txt	expose_des_motifs	55679	50d048727c8dce2cf60d81b0cfc5cebae3679c2b89400276850fe3a98a6d15bd	
JORFDOLE000029134377	JORFDOLE000029134377__l14-059.html	rapport_commission	21722	8f36ad886fcc0596624048192252f24c0a034b1f82a9b65871fadcf65eeefbb4	
JORFDOLE000029134377	JORFDOLE000029134377__l14-059_mono.html	rapport_commission	343448	92124a62859fc42ab151eb96b583f3e789336a1cc09eac460fbe1ee851d76dd6	
JORFDOLE000029134377	JORFDOLE000029134377__r2145.asp	rapport_commission	912329	51eb278165404f759d74513c201c2c58b980aca4ac95e8a39f6310ff49b41c0a	
JORFDOLE000029134377	JORFDOLE000029134377__r2390.asp	rapport_commission	7300	6957fc54507c751bd3ae490b1acbd9a7da7bbf237cf6e89729361d57799891a9	
JORFDOLE000029310724	JORFDOLE000029310724__etude-impact-1.txt	etude_impact	712763	a0951b18b9ef3d892051df3eba86ea20789f2aba59e3be313ff989da9e4f0683	
JORFDOLE000029310724	JORFDOLE000029310724__expose-motifs.txt	expose_des_motifs	86536	1c8dc70d6fff3c4bf312616eceed995aa3911cea8ba3bd46e88b329724560e71	
JORFDOLE000029310724	JORFDOLE000029310724__l14-263-1.html	rapport_commission	51881	7266ba9477115320a584f539bf2fcd6e09ae7337fb6e6e9c205fb257b1bc673a	
JORFDOLE000029310724	JORFDOLE000029310724__l14-263-1_mono.html	rapport_commission	1531783	a17815cd91aa34d2cac3ac93cf42f319bbb988ca2c9d18c79955649ba5a0020e	
JORFDOLE000029310724	JORFDOLE000029310724__l14-263-2.html	rapport_commission	11476	89fdcdac581630687dbdaa6c95eb2b15e6bcda825eea2c64ab4c263ec6a3885f	
JORFDOLE000029310724	JORFDOLE000029310724__l14-529.html	rapport_commission	38560	768dbb1e9654be430db0499ff6c782e7344e5c4b5d09a19927a1b04f96c86866	
JORFDOLE000029310724	JORFDOLE000029310724__l14-529_mono.html	rapport_commission	894370	ad69b67e41726a70bda82a76cd72a5a9c6ad10e4efeb936e6e253431175ac519	
JORFDOLE000029310724	JORFDOLE000029310724__r2230-tI.asp	rapport_commission	1907584	262aba5267f71248e2bcfc35da4967291145b238515a4d0e69de32bf90fae248	
JORFDOLE000029310724	JORFDOLE000029310724__r2230-tII.asp	rapport_commission	622348	1519ebd512c0578647437e9400c694962c036351bcffd53ff1d78c667f855e46	
JORFDOLE000029310724	JORFDOLE000029310724__r2230-tIII.asp	rapport_commission	1093451	d2ffe850503c2f15774782dd0a75a782064688c3eb5bfa93be29d899a290a0e1	
JORFDOLE000029310724	JORFDOLE000029310724__r2624.asp	rapport_commission	677890	17e97f2124a0ff7ee1285b89fbdadeb42a67a04ccf3feb5c1b874b17fa13dee6	
JORFDOLE000029310724	JORFDOLE000029310724__r2736.asp	rapport_commission	2163403	d143b4a0461695f63c281bcbddb2c1a831518d1fe0de909e35d478fee0f09a2a	
JORFDOLE000029883713	JORFDOLE000029883713__expose-motifs.txt	expose_des_motifs	121005	95a171347ae5837cf74dfd3c8cdcdd0b289350f6d713e8c5c1e0c4de11dcddab	
JORFDOLE000029883713	JORFDOLE000029883713__l14-370-1.html	rapport_commission	76183	9f79ae1c2a3575dabec2505b6260edd66cd4a4ab3788088e03a83acfdc3ada75	
JORFDOLE000029883713	JORFDOLE000029883713__l14-370-1_mono.html	rapport_commission	2060957	5d6de0ef461398d561941b7930de6aec9b66fdae7f06e60ca4742d922267bbc5	
JORFDOLE000029883713	JORFDOLE000029883713__l14-370-2.html	rapport_commission	11615	fd64c21ec2c5763a652212bde9c4bcdfd9a9786cca906d440f8bf5031e272365	
JORFDOLE000029883713	JORFDOLE000029883713__l14-370-2_mono.html	rapport_commission	1150799	f1fb5bc192fe1ca57c660babd4e490c11fe3363e17c5d23769d31b4d4743a076	
JORFDOLE000029883713	JORFDOLE000029883713__l14-370-3.html	rapport_commission	11731	ac36c846f6f60b0f40b46d1c80ad67abd1801712c1de9be76145d85bb812f95b	
JORFDOLE000029883713	JORFDOLE000029883713__l14-541-1.html	rapport_commission	54185	002413e359c5b0600b2ff59d33fa8515de8423b855db336c5f9d557131cef1bd	
JORFDOLE000029883713	JORFDOLE000029883713__l14-541-1_mono.html	rapport_commission	897903	d468b4292e2dcdb0e03af639510d03c7f6963b47de0365023e94a6b5129b171c	
JORFDOLE000029883713	JORFDOLE000029883713__l14-541-2.html	rapport_commission	1134907	9140c9b9a0abb6ac6076506d2d40d80f6821a9bb80845f6d779bac5f65759049	
JORFDOLE000029883713	JORFDOLE000029883713__r2498-tI.asp	rapport_commission	5066	aa9fdf2d38efa812e8e340e3cb144f5ef40942f4b889c9a35919a8ac518e2cef	
JORFDOLE000029883713	JORFDOLE000029883713__r2498-tII.asp	rapport_commission	1281079	1d84664f570ffd6163816436b6502883f5a108a458e87c41a1b9a46f15ed7358	
JORFDOLE000029883713	JORFDOLE000029883713__r2833.asp	rapport_commission	835849	57343a34504ddb64f7d9e36f7dd26a631cf67a1938dd6a7af2e6c8ea727e17ee	
JORFDOLE000029883713	JORFDOLE000029883713__r2866-tI.asp	rapport_commission	1918192	21fd81d8a214659b280d786bc8603815ac20f0acb174891d96251ad65c69f0d2	
JORFDOLE000029883713	JORFDOLE000029883713__r2866-tII.asp	rapport_commission	1099207	f968009e82546ca692e82038b0ef44266b6a1e3fb2f9aa6374f8b67b5dcbf3aa	
JORFDOLE000029883713	JORFDOLE000029883713__r2970.asp	rapport_commission	79689	73b84d958f7de07389377a13a9b47b43f6e64b1837a15a9b0943b90d4769bce2	
JORFDOLE000030677245	JORFDOLE000030677245__rapport-pr-JORFTEXT000030674250.txt	rapport_president_republique	6541	0ebba73b96f7f87d488254cef819f94ec8f20877cd002b8f0ff46eeceabe4d3c	
JORFDOLE000030962821	JORFDOLE000030962821__avis-ce-1.txt	avis_conseil_etat	21832	63f3afdf74ae709d8a5841d933796c25dfb5a69aa3dc7db052e5b0d89d79063a	
JORFDOLE000030962821	JORFDOLE000030962821__etude-impact-1.txt	etude_impact	903895	6a7fa8028613041db5a86cb597a0bdf6391518bca672472f9158a27608043b81	
JORFDOLE000030962821	JORFDOLE000030962821__expose-motifs.txt	expose_des_motifs	64400	3751de111a4495fa5c56a7ad1e046a7e450e4a9c4e7248b031b73b56256af12a	
JORFDOLE000030962821	JORFDOLE000030962821__l15-121.html	rapport_commission	25701	dff063968546dea4a3103372302d8a8dcad07805f2c84f82dc17a57aa19c1d17	
JORFDOLE000030962821	JORFDOLE000030962821__l15-121_mono.html	rapport_commission	555831	deba37008a5d2deef8d19c54abe73472444da5a4ca30c8a4348da9689261f02d	
JORFDOLE000030962821	JORFDOLE000030962821__l15-839.html	rapport_commission	36321	b62ebbc96c9d57ca4b997dc881591dd56723b943a3951c7b2a14a789236732ae	
JORFDOLE000030962821	JORFDOLE000030962821__l15-839_mono.html	rapport_commission	617694	292481f0540125ebc1348184e4f2c5b84f9be99a832aa3dcf0a5ebb92576cbc4	
JORFDOLE000030962821	JORFDOLE000030962821__r3726-tI.asp	rapport_commission	1174454	7b0240ae1ce95581bfa944d09d7e6a961034cfb3097d6f1e97e95e004cc6e2bc	
JORFDOLE000030962821	JORFDOLE000030962821__r3726-tII.asp	rapport_commission	899392	920d4a29c33cc8802dbe0588bfaae849d3679a038ad67ec47233c3fe347bc659	
JORFDOLE000030962821	JORFDOLE000030962821__r3871.asp	rapport_commission	427159	4d4228808bda0fb872b6869df8fdd8c57a79a1ed1eaa44b5c6ec8e96906429f1	
JORFDOLE000030962821	JORFDOLE000030962821__r3904.asp	rapport_commission	824319	d84ebbfda109c44501b41e5cb32df0f16d6edb5fbd1c026d6f6afdbe4400b434	
JORFDOLE000030962821	JORFDOLE000030962821__r4106.asp	rapport_commission	18534	d17058a9f5b3114ff283c8fecebcf847ecd789915c4e92b6f9fd291d295138f9	
JORFDOLE000031589829	JORFDOLE000031589829__avis-ce-1.txt	avis_conseil_etat	32589	a45c2e2b552f518cbf1a12231eaaf859264d8ec2d710e9d3d467f08c03693028	
JORFDOLE000031589829	JORFDOLE000031589829__etude-impact-1.txt	etude_impact	380147	5b0d536bc32c51c056b432e7e9228cd88bf1524604e385956d1d3e3d258254e9	
JORFDOLE000031589829	JORFDOLE000031589829__expose-motifs.txt	expose_des_motifs	57274	ea706cce8cbd67451b1b31bb22ad7d7dd6b2a51744b6550accc092aec1c07638	
JORFDOLE000031589829	JORFDOLE000031589829__l15-534-1.html	rapport_commission	33499	1687f045d049a337419b44efaaf5a7f58ea9d40283248a19d0f3c505b988c2a4	
JORFDOLE000031589829	JORFDOLE000031589829__l15-534-1_mono.html	rapport_commission	849795	783ad3559df21043dbfca9cde5ad3373baa75208892d9d48f0abb580ad261a08	
JORFDOLE000031589829	JORFDOLE000031589829__l15-534-2.html	rapport_commission	913731	061b706b1d4b16f94c42cdb866386d0a14681125649d5308dedf4cd367a6e1de	
JORFDOLE000031589829	JORFDOLE000031589829__r3399.asp	rapport_commission	2207025	98ed411effe07f0c153256f7dba5b5fb07c82f5034d8ecfa7a0a8b3a1c944c47	
JORFDOLE000031589829	JORFDOLE000031589829__r3902.asp	rapport_commission	105951	4403b8c918299405508043b6b8c66e18c16450abfd760540c67262ea15e1f012	
JORFDOLE000031978450	JORFDOLE000031978450__l15-430.html	rapport_commission	26178	b0bf2cd5138423d96935defa930cbb6a518fe12b6877da9c9d96a00fda2b4dad	
JORFDOLE000031978450	JORFDOLE000031978450__l15-430_mono.html	rapport_commission	585192	712fbd4d2742b342a8783bd73de44f33a66f42f24d0db6298b2c1f5855543654	
JORFDOLE000031978450	JORFDOLE000031978450__r3178.asp	rapport_commission	612139	01922fb51a759118eeb26f7cb7727eb883c6608423f8c94bde32f3b4ba4f3eb4	
JORFDOLE000031978450	JORFDOLE000031978450__r3672.asp	rapport_commission	198510	4ca51f26c6edde8f198b605f302327aee9107b6811b3adadbd2fe9113ae1a11e	
JORFDOLE000032036173	JORFDOLE000032036173__rapport-pr-JORFTEXT000032004539.txt	rapport_president_republique	18199	ca95f64efbc81d013ee24e5cf296db5c2b1e63c4b04a8e074c5e52c2db444cb8	
JORFDOLE000032223954	JORFDOLE000032223954__rapport-pr-JORFTEXT000032209332.txt	rapport_president_republique	11783	890456d0cf8956f18fa768cc03973ed74552dae9770c6b98147efc22308e0692	
JORFDOLE000032302646	JORFDOLE000032302646__rapport-pr-JORFTEXT000032294257.txt	rapport_president_republique	10320	ba2e13b1784ae4c0ff455ad494b83603f2bd29f3399cd1deb5013807f8798b48	
JORFDOLE000032539659	JORFDOLE000032539659__l15-592.html	rapport_commission	11509	9aecc12d40be72c2b7d4911d31e34b4c5a9aeba65ed1e5bc0c48604489d75aa0	
JORFDOLE000032539659	JORFDOLE000032539659__l15-592_mono.html	rapport_commission	90651	45d6905dfef8a23f6e9422c9027f148f8766ff652f64f00fdeb494c5c69db643	
JORFDOLE000032539659	JORFDOLE000032539659__l16-004.html	rapport_commission	12028	dacb35577d159dd0e734d6822ba5842fc53a8b22651aa468f17b9b4878d7e4a0	
JORFDOLE000032539659	JORFDOLE000032539659__l16-004_mono.html	rapport_commission	72730	cc872bd6604f26812009e7dc8037976a93ce67575e47af3e246de1349b99f185	
JORFDOLE000032539659	JORFDOLE000032539659__r4042.asp	rapport_commission	132172	9b45a0062e315f18b22beb317d76fe988493dd196a7fd61d89f3638129a54338	
JORFDOLE000032669047	JORFDOLE000032669047__avis-ce-1.txt	avis_conseil_etat	4423	46e2ed180977f8ee12de300c2fc6fb8df3067e202a6cce3d8743e13fdc0dbcab	
JORFDOLE000032669047	JORFDOLE000032669047__etude-impact-1.txt	etude_impact	6671	8ffa4c66c111015169287000b77e93b93ecebcb49792147a9543b5d2c352ff6d	
JORFDOLE000032669047	JORFDOLE000032669047__expose-motifs.txt	expose_des_motifs	3956	183e432d6a13d8ab1630a877761c9de78f2376d8ce363592ad571438e5db5daf	
JORFDOLE000032669047	JORFDOLE000032669047__l16-189.html	rapport_commission	15025	3f4f92088fdba68c7b2cee98d787874984f67754990abd848b8d3ca7ba3567db	
JORFDOLE000032669047	JORFDOLE000032669047__l16-189_mono.html	rapport_commission	103188	603b20ca9c0362abaeb8e54743c3ee4acd6a84cdece3c6ccede9954f83a337ff	
JORFDOLE000032669047	JORFDOLE000032669047__r4047.asp	rapport_commission	119469	c13f89ac23677165b0caa7e9fa36977b41311c61f1ef3d9d73fda9675c729cbb	
JORFDOLE000032669047	JORFDOLE000032669047__r4378.asp	rapport_commission	49573	8aaa29462f5c62483998ee53611b79de0f1f125f9acc9e8f984486a7473e206d	
JORFDOLE000034131633	JORFDOLE000034131633__rapport-pr-JORFTEXT000034128363.txt	rapport_president_republique	6008	7bf49d26effcd340ca0eac0cb73db6b89a084b36ef0378e469d0088339422423	
JORFDOLE000034852862	JORFDOLE000034852862__rapport-pr-JORFTEXT000034849522.txt	rapport_president_republique	4342	29364c503ad0a6d1a3e0a7332c4319b8d01f3ed8cfa0be88a077fff6527a2220	
JORFDOLE000035722724	JORFDOLE000035722724__rapport-pr-JORFTEXT000035720845.txt	rapport_president_republique	12353	97b1b27151873c3c65d753e221e3bcf135d8358e57ff9ac8e1e67e31623bb59a	
JORFDOLE000036195293	JORFDOLE000036195293__avis-ce-1.txt	avis_conseil_etat	53678	cfd6c561bbb17ca7dcd4f53cfc8498dc2151a766fbcd84577e63a0aa379f5f1b	
JORFDOLE000036195293	JORFDOLE000036195293__etude-impact-1.txt	etude_impact	1264847	eb72f2382eff2d27ef634a588d63f45224bdde1ac4e2cf824ab9ac9e0af746ac	
JORFDOLE000036195293	JORFDOLE000036195293__expose-motifs.txt	expose_des_motifs	39095	c81aa0d040cdc25a47955884e8179ff7bbb29b78d579ae27df38e4c16ecd7161	
JORFDOLE000036195293	JORFDOLE000036195293__l17-350.html	rapport_commission	23751	c5f69e3aa9ef7c4c00802ce5e4d6ae3b113ebda808fd576e82323b4dd16d195f	
JORFDOLE000036195293	JORFDOLE000036195293__l17-350_mono.html	rapport_commission	634755	a8684fedc40fe0ae2f3a607f81e60a615d85f8640e656afae82885b82a91ce36	
JORFDOLE000036195293	JORFDOLE000036195293__l17-441.html	rapport_commission	19567	9cfd26fec390acbe29747bd173b59a82190348e923d3ac84e285aa61b17bda74	
JORFDOLE000036195293	JORFDOLE000036195293__l17-441_mono.html	rapport_commission	239023	624cc4a8dabc3b2541154b8a3a3929f04fe74bb8971e8bb37fccff98661ae9f9	
JORFDOLE000036195293	JORFDOLE000036195293__r0592.asp	rapport_commission	6647	b68bfa146d2ee7f432ba7e40579153f9528560b81a067c511d8af327a4eb3cc6	
JORFDOLE000036195293	JORFDOLE000036195293__r0855.asp	rapport_commission	6775	9180816f0ef600bd9629eabe47780e22e23876b61685777fbbc3a2b4625abce7	
JORFDOLE000036195293	JORFDOLE000036195293__r0860.asp	rapport_commission	6645	1ab7aa56e6c343e3cee12d312dcc137e3b9b21cd2d5e7771a3de285aeeba6304	
JORFDOLE000036769798	JORFDOLE000036769798__avis-ce-1.txt	avis_conseil_etat	119676	1d65d1c7251aa5e24c82a5eb0ff0da4ce5a92a9d46b4d752795010617ab64194	
JORFDOLE000036769798	JORFDOLE000036769798__etude-impact-1.txt	etude_impact	1022076	21b5381323568bb47b269c407d545e6e4b75881a89877cba9b5aeee3e7d66b1d	
JORFDOLE000036769798	JORFDOLE000036769798__expose-motifs.txt	expose_des_motifs	83359	58a9d075c62732e2921e87c41f0b6c11d5000800319ee79fa96372c4c0202235	
JORFDOLE000036769798	JORFDOLE000036769798__l17-630-1.html	rapport_commission	71018	d6cde2c01d94c4eaf6c0216a66bf4e223e2ed707420d3d65c1162143e3de7f05	
JORFDOLE000036769798	JORFDOLE000036769798__l17-630-1_mono.html	rapport_commission	2102411	0244e596f45d839c4427e0a414ac634d7dedb7a589e05c370d7c5c5a110f0f48	
JORFDOLE000036769798	JORFDOLE000036769798__l17-630-2.html	rapport_commission	11929	498a5e973bf6025a2b5ad735420f55746801a941ce69ba8e7d237fcc62f7fc4d	
JORFDOLE000036769798	JORFDOLE000036769798__r0971.asp	rapport_commission	6586	20c922e2fc5bc3d0a1569025547c34a3a4e7c2f4c37d2f7dadaf5d4e0b92f245	
JORFDOLE000036769798	JORFDOLE000036769798__r1253.asp	rapport_commission	6809	7aeec86ecb95eba008336202e93e649c8d79d680cca65eb3d533bd7642289380	
JORFDOLE000037080861	JORFDOLE000037080861__etude-impact-1.txt	etude_impact	1682376	6022e850739cf6edfdd5ea53625e05ed896be6255f3381fbfd48495666533818	
JORFDOLE000037080861	JORFDOLE000037080861__expose-motifs.txt	expose_des_motifs	195267	2c92b33e1f2ab2de6a2361383dc22c60b06b43e8c47fa7b125d7f0ab6e80c055	
JORFDOLE000037080861	JORFDOLE000037080861__l18-254-1.html	rapport_commission	66398	5c9691479ca0155a82c02c313fe102b49094633807f3a3a2eca866fec9e421b1	
JORFDOLE000037080861	JORFDOLE000037080861__l18-254-1_mono.html	rapport_commission	2423287	b745dca23829df6d4d730ee11207a61eeccc9b99c44309911f4326785a598d53	
JORFDOLE000037080861	JORFDOLE000037080861__l18-254-2.html	rapport_commission	11190	d99ef37d36c10e04c74266f8966ae7174de238ee2984dd33e685abef10ee7cf6	
JORFDOLE000037080861	JORFDOLE000037080861__l18-254-2_mono.html	rapport_commission	721248	47d08f7a3d0c8b84d3608e825c631404963866eaefc9586e62b8960653291b3d	
JORFDOLE000037080861	JORFDOLE000037080861__l18-254-3.html	rapport_commission	12053	617ecd202dee98c847e3ab20a6082c051f697b5b47720fb6b98939abec089cad	
JORFDOLE000037080861	JORFDOLE000037080861__l18-415.html	rapport_commission	11684	7b7edeef7aca181cb51d77a324513f5a574539059b23bb4d6e0fa60c2cb2bbee	
JORFDOLE000037080861	JORFDOLE000037080861__l18-415_mono.html	rapport_commission	128676	80cd17d69b555d0e23a63819aa33f3a22f8d03037279a81c9088e164c7ad7220	
JORFDOLE000037080861	JORFDOLE000037080861__r1237-tI.asp	rapport_commission	6395	f82ad7205017e9afd7e9fa2f4f2cecfff56c5573515a9a329b277ed7d29e6d2b	
JORFDOLE000037080861	JORFDOLE000037080861__r1237-tII.asp	rapport_commission	6404	99d1795e6f60f037a8cf386d431dcb6871c5c6923583303b4f819ee1dc0ff007	
JORFDOLE000037080861	JORFDOLE000037080861__r1703.asp	rapport_commission	6806	7d891f764c60f5e42f1d6d9a962c1369158a46677be3f54cacbf617c8f2e0de7	
JORFDOLE000037080861	JORFDOLE000037080861__r1761-tI.asp	rapport_commission	6364	cb3c4497c31253ea335149dadc4aed2fb1c8d3cff5229f35c03cbc041a237fa7	
JORFDOLE000037080861	JORFDOLE000037080861__r1761-tII.asp	rapport_commission	6352	6e424df8585db9781621489ebc9ae0ed03cbfcd5b77caea3052457c91b7b8775	
JORFDOLE000037775649	JORFDOLE000037775649__RAPPANR5L15B3176.html	rapport_commission	93264	637ba330c7087856de26facd32d81736bec3b763438cb3a4c04281f47dc26f0c	
JORFDOLE000037775649	JORFDOLE000037775649__l18-310.html	rapport_commission	14412	af79dcfec72bf391b82bda992a4dd1b0d2dd95b331d66ee46896b5f57e0bdcaa	
JORFDOLE000037775649	JORFDOLE000037775649__l18-310_mono.html	rapport_commission	206867	3339a3bcdd191d0415fd0edda33845f9748501a9112c1c5661e6637e789c0521	
JORFDOLE000037775649	JORFDOLE000037775649__l19-463.html	rapport_commission	12526	eb1caa5aa44fb465e8803a4b1dd6cf09c9ff44fe909e5de7669cccce67ef30c8	
JORFDOLE000037775649	JORFDOLE000037775649__l19-463_mono.html	rapport_commission	99805	860b2408526a84aaf75db2d16cd8d2f8fd00a7337126234c5fa4cfa4acf2a832	
JORFDOLE000037775649	JORFDOLE000037775649__r1448.pdf	rapport_commission	252890	b4e44e96e40a0825e562af4f54219f79b5943f74baef7e4f0c582f6c80f2103e	
JORFDOLE000037775649	JORFDOLE000037775649__r2616.pdf	rapport_commission	164178	1ba2b8a7043d22fab771812838995c635c75b2831d07ca09ebe5bb2fca406fd3	
JORFDOLE000038282514	JORFDOLE000038282514__l18-440.html	rapport_commission	11504	916ef098ab08fb38fdb7204a53f4379819decae342d7cee4fafe26f626844666	
JORFDOLE000038282514	JORFDOLE000038282514__l18-440_mono.html	rapport_commission	111554	ffe7fc372ec4be8d0ed35c03404806732e7fb1b732f651636d9fcc6f9588a379	
JORFDOLE000038282514	JORFDOLE000038282514__r1772.asp	rapport_commission	6665	b0a1b8b742fa2db72cb0c07b9a03b3e18023349331743b46fa37943de59ff6b6	
JORFDOLE000038282514	JORFDOLE000038282514__r1948.asp	rapport_commission	6854	8df20640a576065ca6ebcef0d53fc5c3786de4ed13abf0b95a802add09babd26	
JORFDOLE000039374523	JORFDOLE000039374523__rapport-pr-JORFTEXT000039373262.txt	rapport_president_republique	7852	06bb0a88e768f0d839f9887d5cca59ad5f852af339c6abc2d54548bd70a44fd6	
JORFDOLE000041566073	JORFDOLE000041566073__RAPPANR5L15B3521.html	rapport_commission	337896	f57d7bcc2fd80c7a521294e8a989c25960a9d309c815d8bafe8284fa756f359d	
JORFDOLE000041566073	JORFDOLE000041566073__expose-motifs.txt	expose_des_motifs	30283	92c766b4cbfc1cb8f19984915c7ae4e8204e722c1cc05d7fa509f4326dd68d7e	
JORFDOLE000041566073	JORFDOLE000041566073__l19-552.html	rapport_commission	16104	38d050a417d91208a8e62a168247e350867577b3bb95f4d0e46fd08f82b3e25e	
JORFDOLE000041566073	JORFDOLE000041566073__l19-552_mono.html	rapport_commission	280390	70254afba7038c29d0c2cdb5cb79d1a0a1a7810fe78152bd9005a6fd27d68322	
JORFDOLE000041566073	JORFDOLE000041566073__l20-069.html	rapport_commission	356739	be2065d890bc1bce249bb71d7585ac7667da38a4c1e01ddd842c13bd38f8b10e	
JORFDOLE000041566073	JORFDOLE000041566073__l20-069_mono.html	rapport_commission	280746	a6897666fedded32b1f3c88ee4d3efdcb2eac77d4242db53342be35ccd423ced	
JORFDOLE000041566073	JORFDOLE000041566073__l20-120.html	rapport_commission	16247	2aee3353b92e01c2b0f0502144c50ed9446874fab7c5938f897e40d2956ec61b	
JORFDOLE000041566073	JORFDOLE000041566073__l20-120_mono.html	rapport_commission	137941	7e36fe9e8399339a9f2840c4189b245267fb9cd0ad2648769dca5b224096e109	
JORFDOLE000041893160	JORFDOLE000041893160__RAPPANR5L15B2915.html	rapport_commission	706291	f020268b886c01d485bc408b1599037c02920369805a8906963ccf1c5b436847	
JORFDOLE000041893160	JORFDOLE000041893160__RAPPANR5L15B3027.html	rapport_commission	68413	3967b4635830a65af351cdd7ce966e0cf3ca6e9acafdf9b7a5325a055e95c8ff	
JORFDOLE000041893160	JORFDOLE000041893160__avis-ce-1.txt	avis_conseil_etat	59862	9ccffa5f7f5f715bfd50a192f7d15c8f348cc3fc1a3e686ce40fb7f410fe684f	
JORFDOLE000041893160	JORFDOLE000041893160__etude-impact-1.txt	etude_impact	319370	24cc3967a5f13921661c16daae243bed9de57bbb3014263af27db2dce4335a27	
JORFDOLE000041893160	JORFDOLE000041893160__expose-motifs.txt	expose_des_motifs	37669	762c09d58522132dc45d1b331c2560efd64aba957b10ed2ff856b2cc8452f82a	
JORFDOLE000041893160	JORFDOLE000041893160__l19-453.html	rapport_commission	18498	c8b72a7d003e785c8eec27de83fc644f87982c6b1bf2799bc45a64f29395a80a	
JORFDOLE000041893160	JORFDOLE000041893160__l19-453_mono.html	rapport_commission	372370	c9b72bcb61b8de2d6d1870898a162701e6f73697fbf3ffcbbccaef891158a5ea	
JORFDOLE000041985018	JORFDOLE000041985018__rapport-pr-JORFTEXT000041982913.txt	rapport_president_republique	4764	dd8bcd37f9262058fb91c9cd3920546c92ca7ffa590d60c8ce724af6fa1f8438	
JORFDOLE000042956321	JORFDOLE000042956321__RAPPANR5L15B4196.html	rapport_commission	754204	d55e46074f594824be9e2520ebf8507e84afe5af4d3406133e9c573382027940	
JORFDOLE000042956321	JORFDOLE000042956321__l20-242.html	rapport_commission	16399	7874c63ffc5a88720f7b63868a7d918cc7f9e31ee9a19412bfc60b44e2cb0981	
JORFDOLE000042956321	JORFDOLE000042956321__l20-242_mono.html	rapport_commission	445108	7cf9a67a3e70e92c4107d0f652418f033dc4e620b846d82bc236089b06311b63	
JORFDOLE000042956321	JORFDOLE000042956321__l21-068.html	rapport_commission	18444	dc5c0b142d06b98c1e7e1d0bcb4553cd6e133ca9e853d5e3f9dbd5b6ae898e2a	
JORFDOLE000042956321	JORFDOLE000042956321__l21-068_mono.html	rapport_commission	353387	0b9f939c8f7168e0ece904b830d1aae903ba6424470214a717b7a9d32f84fc17	
JORFDOLE000043113774	JORFDOLE000043113774__RAPPANR5L15B4336.html	rapport_commission	1430433	414bc9a0c8988113186d37992392a36deb087df91cb84f30832f269ee51ea467	
JORFDOLE000043113774	JORFDOLE000043113774__avis-ce-1.txt	avis_conseil_etat	144671	553065c3207b0df00f8e0922c5322af48adfe688fabb89997aecb0b05601b89e	
JORFDOLE000043113774	JORFDOLE000043113774__etude-impact-1.txt	etude_impact	777296	0ddfcd84eea7cedcfa2352fb7be474305ee7104eca79e0914118fc2d7161e4e6	
JORFDOLE000043113774	JORFDOLE000043113774__expose-motifs.txt	expose_des_motifs	64160	f5402eb7b6444bdb65d687d2e97e91823b167e8eb33ab1b178d724c03ef6c456	
JORFDOLE000043113774	JORFDOLE000043113774__l15b4026_rapport-information	rapport_commission	7341	89c55d52e44a86ecdbf050c6a4f93ec7b8b3f6afcff9008e84c79b3346caf15a	
JORFDOLE000043113774	JORFDOLE000043113774__l20-666-1.html	rapport_commission	34027	aa65b9575513b1d620b3926cccc00a2f5f8cf67225c90effa67af0c2bb60e253	
JORFDOLE000043113774	JORFDOLE000043113774__l20-666-1_mono.html	rapport_commission	874172	15c0be45856edf7189404ae45c4850d454d0484eca288c3337d04d82b7a70d7e	
JORFDOLE000043113774	JORFDOLE000043113774__l20-666-2.html	rapport_commission	34908	54765f9b5163dbbef5798983bd6fed59b31d0d93e8fbf41b5e5f5e947b473e85	
JORFDOLE000043113774	JORFDOLE000043113774__l20-666-2_mono.html	rapport_commission	662935	98786381b13e5d7553670a881a8d14c910653a2edffac62ba67b6fbf3e0ff5d9	
JORFDOLE000043212853	JORFDOLE000043212853__rapport-pr-JORFTEXT000043210227.txt	rapport_president_republique	6640	9ef290c4d1b241692eb669c227f537b6b030f0d9f2b9f25edcc2e692549753f6	
JORFDOLE000043373684	JORFDOLE000043373684__rapport-pr-JORFTEXT000043370887.txt	rapport_president_republique	5766	645e5281de4622f7ad4f1916b533fbbe18ea9265a21bee37a901a9363d91af49	
JORFDOLE000043496065	JORFDOLE000043496065__expose-motifs.txt	expose_des_motifs	85942	e9861f77ca7d20a2d54b3a856fef215e2fe196e61daec20ef82624d690027187	
JORFDOLE000043496065	JORFDOLE000043496065__l20-723.html	rapport_commission	27471	881240476e7a90fa9d8f53b0ddcc3ae225eef5ec5669e669fc80a89f518d6073	
JORFDOLE000043496065	JORFDOLE000043496065__l20-723_mono.html	rapport_commission	1421824	437c613b3cd6a957ff2ef5c6191f6902a6e796ef88f0ca230b3141b2d1413c76	
JORFDOLE000043496065	JORFDOLE000043496065__l21-422.html	rapport_commission	19954	ac91fa1aae7410c664cbbd3db83416d072d2f3b1c8045ac5bb402af00c4d9e84	
JORFDOLE000043496065	JORFDOLE000043496065__l21-422_mono.html	rapport_commission	96003	f861808c78383e27d515cbe1807fa4253d43f41582d3934234616e7136cb4a44	
JORFDOLE000043537810	JORFDOLE000043537810__rapport-pr-JORFTEXT000043534831.txt	rapport_president_republique	17616	f975f87a30bc7b2354e643b766930615501a8a8dec9c80f12df7a753ff60a141	
JORFDOLE000044129891	JORFDOLE000044129891__rapport-pr-JORFTEXT000044125832.txt	rapport_president_republique	11911	c1f3ac4570d2e4ebf9a8048a2ab6ec0e184ff5343e3cf3ca5d6166dd89b26b31	
JORFDOLE000044373959	JORFDOLE000044373959__RAPPANR5L15B4699.html	rapport_commission	153831	ea7b145f07ad5ae6c7f7f3e08514db6d2093d5178104d6238b4c9d3123ffd9a6	
JORFDOLE000044373959	JORFDOLE000044373959__RAPPANR5L15B4992.html	rapport_commission	92165	b263b7642a99053c8be8229e986ca6315404334053ceb11ea059a7db789c58e6	
JORFDOLE000044373959	JORFDOLE000044373959__l21-367.html	rapport_commission	13111	7771c6a4858cf64eb37d4b8eb149821c7e1325f760e594e6ce64dccd829edf4f	
JORFDOLE000044373959	JORFDOLE000044373959__l21-367_mono.html	rapport_commission	198761	4c9f83f67fa3b82814c59e985fd30c643c5252bad7ddf755f468d44deaf29313	
JORFDOLE000044550081	JORFDOLE000044550081__rapport-pr-JORFTEXT000044546224.txt	rapport_president_republique	14649	2dcc3d694b33f3835e3d77e5d740d4eacb1094e3530f81a97d236eb74f40d94b	
JORFDOLE000045446720	JORFDOLE000045446720__rapport-pr-JORFTEXT000045442688.txt	rapport_president_republique	7809	aba6b93d664852d4ad8e8e0eff0eb083ef50ab233a3d2dedc3f81987edd813c6	
JORFDOLE000046027237	JORFDOLE000046027237__RAPPANR5L16B0144.html	rapport_commission	1429963	44ebf7559a6ed54a5c8da8358e94879edded13284662a6bd00665378d5edfd42	
JORFDOLE000046027237	JORFDOLE000046027237__RAPPANR5L16B0177.html	rapport_commission	301956	fd352260a1a61754c0b5a48b638fb353b8db036d3f8691e92a348789a2ab7036	
JORFDOLE000046027237	JORFDOLE000046027237__avis-ce-1.txt	avis_conseil_etat	58397	3e30afeb9d385f69fb03003a1b796566e16fe238c2a0b677538ceb9cbcceaf30	
JORFDOLE000046027237	JORFDOLE000046027237__etude-impact-1.txt	etude_impact	439754	4d0df2a093d93df01152a07a406a7ddf144ef973f1f04923868d643a8b435401	
JORFDOLE000046027237	JORFDOLE000046027237__expose-motifs.txt	expose_des_motifs	30306	6930d5ddc583039c9ca4856dcc42ae10a017c4ae8a9e7d1d2444f30b35375f88	
JORFDOLE000046027237	JORFDOLE000046027237__l21-827.html	rapport_commission	18056	c763b2ddf995dd61369c0db3ad6d99e965ee044aa87b24f41ba60c1fbc442c85	
JORFDOLE000046027237	JORFDOLE000046027237__l21-827_mono.html	rapport_commission	504740	37066f1d7508497f1aa66739b8474bc15cfe8bfe3151f33c0829b83bb3e09540	
JORFDOLE000046590737	JORFDOLE000046590737__RAPPANR5L16B0748.html	rapport_commission	1104895	31fdadb8bbdd1ebf116602f66387aef7f9cd2c39c2b9da4df248559c9e24c7b3	
JORFDOLE000046590737	JORFDOLE000046590737__avis-ce-1.txt	avis_conseil_etat	35500	1111fdc16fa434641da63d4b303d7c6c5c5462b655bfbc26d233d9007fc88e1f	
JORFDOLE000046590737	JORFDOLE000046590737__etude-impact-1.txt	etude_impact	889837	0ab14270ac1d79c09a4e6db3c1e13b85d83ff184b7e5a123a6916383c293255f	
JORFDOLE000046590737	JORFDOLE000046590737__expose-motifs.txt	expose_des_motifs	45673	1e69a1b967ec84afc7f12e31fa96c2f7bffb143a59d32425f857d3c3383db838	
JORFDOLE000046590737	JORFDOLE000046590737__l22-186.html	rapport_commission	19272	024e727c6734884f5deaaa1ad2e11589c9f4063c57e300c380b4cc61882aa2b2	
JORFDOLE000046590737	JORFDOLE000046590737__l22-186_mono.html	rapport_commission	289339	9ca595fa2abebe88fbd7ecdbd4f5f864a0d6b0b9cd3add84010e7814f681bea3	
JORFDOLE000046590737	JORFDOLE000046590737__l22-339.html	rapport_commission	10437	fe6a3706f91b2f963b7f563d4ee9f7cfca2487f4588c641fb8a6e37bb20941b3	
JORFDOLE000046590737	JORFDOLE000046590737__l22-339_mono.html	rapport_commission	60195	f226abd5b75972d2b1d94fd9bce0c97c62cb3a417491fa876d35c34784041f07	
JORFDOLE000047533100	JORFDOLE000047533100__RAPPANR5L16B1674.html	rapport_commission	1523344	311e95cb8f5ff14f483f2268be84288d81b6b118a30e7e338348481dcb609294	
JORFDOLE000047533100	JORFDOLE000047533100__avis-ce-1.txt	avis_conseil_etat	62283	a4ad6bacbd86cb81aabb24ce08251ec1695573263f0c4c339b892b9775c03eda	
JORFDOLE000047533100	JORFDOLE000047533100__etude-impact-1.txt	etude_impact	761017	5fdc6a18b01520b2e332211dcc07b3873e8107b368cc5fc8f1eea77f8e6aae69	
JORFDOLE000047533100	JORFDOLE000047533100__expose-motifs.txt	expose_des_motifs	28244	d670972ac7f923ceb9cebf031d51b889db4efdc58b73ed8a53760b9ce2e5071c	
JORFDOLE000047533100	JORFDOLE000047533100__l22-777.html	rapport_commission	20574	153bf38de157e1cd4d61a969b4436e8c2f4a1410f3594f4e71fd9085fe122f25	
JORFDOLE000047533100	JORFDOLE000047533100__l22-777_mono.html	rapport_commission	1121527	e9da8e8bc13ae2498ae18be79fa79e26516b297ac30e4ba11d353d76d8a4b217	
JORFDOLE000047533100	JORFDOLE000047533100__l23-469.html	rapport_commission	9815	962c6c775bf039b856c9f2d1554ff296cebfa1cf7c10ff167542992cb7cb661e	
JORFDOLE000047533100	JORFDOLE000047533100__l23-469_mono.html	rapport_commission	104980	31e321b4bc5c84218472c44990fc2cc5adb761878cf8a7acb3c53962e91c081a	
JORFDOLE000048559623	JORFDOLE000048559623__RAPPANR5L16B2066.html	rapport_commission	678982	6198f132448ad2867ee49deda0c5ebfbdb6b69d9373924c7afd0b18de7fbf107	
JORFDOLE000048559623	JORFDOLE000048559623__avis-ce-1.txt	avis_conseil_etat	19247	75381395e2fb3143804c3287222a18f9552ba53c6a71d697089bef527b91f6cd	
JORFDOLE000048559623	JORFDOLE000048559623__etude-impact-1.txt	etude_impact	554079	8128de511a8868cb2f93ddfb2079be8940d4e1c6ffc3142a9227efe886352605	
JORFDOLE000048559623	JORFDOLE000048559623__l23-342.html	rapport_commission	18012	a8d0b973216faaee1e084a01cd47ff4e001ca77c9d33fdc42c4ec8fff37be97e	
JORFDOLE000048559623	JORFDOLE000048559623__l23-342_mono.html	rapport_commission	686947	df955fe0629ab0db00a6de34bb94e1e5794d9e07cb9e803c565228913bcf7754	
JORFDOLE000048559623	JORFDOLE000048559623__l23-428.html	rapport_commission	227209	89ff6d8a8bc1dd8fb2d282cc4553bcd6ca8c4980043b679a4e594b30938c9440	
JORFDOLE000050427907	JORFDOLE000050427907__RAPPANR5L17B0631.html	rapport_commission	1186601	d430d746c29c1015a77eba10ba1a6a272972665d861865f4033d995ed3847e47	
JORFDOLE000050427907	JORFDOLE000050427907__RAPPANR5L17B1198.html	rapport_commission	639448	08947219e06aee9bb378bb8c1f29ea42e54b35b8590f08cac4a8661e6d4fa997	
JORFDOLE000050427907	JORFDOLE000050427907__avis-ce-1.txt	avis_conseil_etat	68902	c50a0d25f2d2f4b51cf956ade97b11f8c0c34cd76541e2ad7909c5763707c391	
JORFDOLE000050427907	JORFDOLE000050427907__etude-impact-1.txt	etude_impact	1918064	62b64cf9354a1d1dd432ccbeabba65db867624c736f648c58ca570c2f628a8c9	
JORFDOLE000050427907	JORFDOLE000050427907__expose-motifs.txt	expose_des_motifs	71192	ba725825f9bb2b52b24b795942e55b118f8f24a1cc981529a2a7b53f7d9019a6	
JORFDOLE000050427907	JORFDOLE000050427907__l24-401.html	rapport_commission	20008	d08332eea1ee1b340eab3edfd929e7576e84f6ce6c279f2ab1f2c74e1082b859	
JORFDOLE000050427907	JORFDOLE000050427907__l24-401_mono.html	rapport_commission	495871	9b905f0015cd27def7d4a25ad399291f7320a93ed2249a18277e72908818e209	
JORFDOLE000051045642	JORFDOLE000051045642__RAPPANR5L17B0633.html	rapport_commission	292878	3f1f93a69c77275e0507fb7bab3ce32b6e84193853c74849045b3424b0a1375c	
JORFDOLE000051045642	JORFDOLE000051045642__RAPPANR5L17B1368.html	rapport_commission	215078	a43256d0c2e822a8e0a59d37c6ecca4316c44d1d4e8ee5838a16f66cc3d2ef3a	
JORFDOLE000051045642	JORFDOLE000051045642__expose-motifs.txt	expose_des_motifs	7068	ab59eaf79818c1226c54bd599ce2a3feaef2ec32098181cbcd9ea13b6b7af40e	
JORFDOLE000051045642	JORFDOLE000051045642__l24-468.html	rapport_commission	12521	c44ba290841e8b1f1d0ddd8dceee686c03c4b3ab5f03c0df85271523a45d27ff	
JORFDOLE000051045642	JORFDOLE000051045642__l24-468_mono.html	rapport_commission	223542	b514c4a73cf9aa88fd17c97f5f947d58b0aaf2f73c09c39defd2bb79441a7b77	
externe:L224-99	externe__L224-99__senat-amendements-pjl16-190-jeu-complet.html	externe	18520	4c66cb65c012b55aebe0b2387bbc78ba42352d30f215faddf5d67fefdf667cd4	https://www.senat.fr/amendements/2016-2017/190/jeu_complet.html
externe:L132-14-1	externe__L132-14-1__senat-cri-2025-04-02-partie16-ppl24-274-article3.html	externe	34573	8a48cce3709193de111027f773bf7d10fd6fef02f42fed317a4e693776aef6ef	https://www.senat.fr/seances/s202504/s20250402/s20250402016.html
externe:L122-26	externe__L122-26__senat-cri-2025-04-02-p20-ppl24-274-am120.html	externe	36889	7576854c023e9120b0f1fac24c811e2f10f816d07b4384b73daed44ad86ed620	https://www.senat.fr/seances/s202504/s20250402/s20250402020.html
externe:L743-2	externe__L743-2__senat-avis-404-2002-2003-hyest-loi-ville-mono.html	externe	248471	27787c3e95132e0bc8a01d26be321c42eb79fac74a7742295d39a469f8ca8cc5	https://www.senat.fr/rap/a02-404/a02-404_mono.html
externe:L743-2	externe__L743-2__an-avis-1001-2003-houillon-loi-ville.html	externe	163781	8d4b5f8f17b67be8b0d093eb0751718a6ab16005c4f479a4d22398eb66a27f68	http://www.assemblee-nationale.fr/12/rapports/r1001.asp
externe:L732-2	externe__L732-2__senat-rapport-40-1989-1990-simonin-loi-89-1010.txt	externe	83059	8ff65cb3c6d22caeb50bc6e1c0805ea233b4fd379d76fbe7478fcce4d4a9d0d6	https://www.senat.fr/rap/1989-1990/i1989_1990_0040.pdf
externe:L732-2	externe__L732-2__senat-rapport-30-tome1-1994-1995-fauchon-loi-95-125.txt	externe	166184	b72804af4b29071e76aa7280a48f3bbe882af039f1478872fb306575f1cdad13	https://www.senat.fr/rap/1994-1995/i1994_1995_0030_01.pdf
externe:L732-2	externe__L732-2__senat-rapport-40-1989-1990-simonin-loi-89-1010.pdf	externe	228005	23c48928621f3cd89ca63236ce985d061a555fb7a30ea77b59590434b391d5c8	https://www.senat.fr/rap/1989-1990/i1989_1990_0040.pdf
externe:L732-2	externe__L732-2__senat-rapport-30-tome1-1994-1995-fauchon-loi-95-125.pdf	externe	388510	d2691c2706f6cac047baa5c48c561f0d94d0dc501d9af67a7a7b1ef2afe1952e	https://www.senat.fr/rap/1994-1995/i1994_1995_0030_01.pdf
externe:L431-7	externe__L431-7__senat-rap-1992-1993-0312-robert-code-conso.pdf	externe	300928	ae3316cf382ed8673521c56027182461e35065fe85932ba1233844cc27a0b49e	https://www.senat.fr/rap/1992-1993/i1992_1993_0312.pdf
externe:L451-8	externe__L451-8__JORFDOLE000037320052__ordonnance-2000-916-wayback.html	externe	23868	fccded730aef07d5bbb406d431505724489a8f46fc3c9e48b5f034c574027630	http://web.archive.org/web/20150702122942/http://www.legifrance.gouv.fr/affichTexte.do;jsessionid=010EC92C1171FFA6337F6333580B1816.tpdila20v_3?cidTexte=JORFTEXT000000219672&dateTexte=20000922&categorieLien=cid
externe:L224-62-1	externe__L224-62-1__an-cr-2021-12-16-2e-seance-3ds.pdf	externe	227996	f0cc3603197278a747d6930ba6eb5556aa81e1bfce79d3425c974e094c05bb29	https://www.assemblee-nationale.fr/dyn/15/comptes-rendus/seance/session-ordinaire-de-2021-2022/deuxieme-seance-du-jeudi-16-decembre-2021.pdf
externe:L122-12	externe__L122-12__senat_r431_1994_loi94-442.pdf	externe	149786	f2a2c086c8c47178c20b3048b0c4a78d723fc3dccc4f68097dc27efab1bf6786	https://www.senat.fr/rap/1993-1994/i1993_1994_0431.pdf
externe:L621-3	externe__L621-3__senat-rap-1992-1993-0312-robert-code-conso.pdf	externe	300928	ae3316cf382ed8673521c56027182461e35065fe85932ba1233844cc27a0b49e	https://www.senat.fr/rap/r1992-1993-0312.html
externe:L621-11	externe__L621-11__loi_93_949.txt	externe	31789	23d103e5836acec68051ddd284621c85b8b3cde40191cc8143e7b92f3aa6c1ef	https://www.legifrance.gouv.fr/jorf/id/JORFTEXT000000529228
externe:L621-1	externe__L621-1__tool_0ba66c8c7001EboM70MXf9VPso	externe	218389	f6d9b64cdf8dfa46773d694e41534de2f514b7f105a303535c17ddb10a96002d	https://www.legifrance.gouv.fr/jorf/id/JORFTEXT000000529228
externe:L621-1	externe__L621-1__senat-rap-1992-1993-0312.pdf	externe	7808	d12bd83182674569e455ee7e9618445676c2bb6b69be71d13b4b5bf9bb3f2633	https://www.senat.fr/rap/r1992-1993-0312.html
externe:L621-1	externe__L621-1__senat-rap-1992-1993-0312-robert-code-conso.pdf	externe	300928	ae3316cf382ed8673521c56027182461e35065fe85932ba1233844cc27a0b49e	https://www.senat.fr/rap/r1992-1993-0312.html
externe:L621-11	externe__L621-11__senat-rap-1992-1993-0312-robert-code-conso.pdf	externe	300928	ae3316cf382ed8673521c56027182461e35065fe85932ba1233844cc27a0b49e	https://www.senat.fr/rap/l93-949.html
