celex	fichier	octets	sha256	recupere_le
31971L0118	31971L0118.html	59678	a1addd022cd6c75cabf099d4b33d26edbd476e8797e37ae1d006380909ea2720	2026-09-24T14:23:22Z
31973L0044	31973L0044.html	134573	20786ac4875c015af8cb7e22274ce69bef4bf271f7e853a28b4cef53d482e89e	2026-09-24T14:23:22Z
31979L0373	31979L0373.html	31877	516f1e721b88f499244858be970a23ee8416537f403b4c01e71eb1c5eee0915d	2026-09-24T14:23:22Z
31980L0511	31980L0511.html	6671	0245f678102cedadfa009bd8f53f8bbf4018e4cf25e4da322272578accf8e260	2026-09-24T14:23:22Z
31980L0590	31980L0590.html	5271	3971ac6ac0937f0f8db75d3ffe9d1c213edaf333fcc2390531de6c57c6a49d27	2026-09-24T14:23:22Z
31982L0471	31982L0471.html	24095	8481c76d5551011780bbe7fcbcbe29264edd18b3e4208adc93f6a6505f479262	2026-09-24T14:23:22Z
31983L0417	31983L0417.html	23635	9bf5eedb1f58f5b7806eeaa1739ce70550bcc842be4427415d005631bb4d07c9	2026-09-24T14:23:22Z
31985L0577	31985L0577.html	24178	586afeeb93a88c372d3edd9f54a4ae3b07adc3a4833ae4eddd1607df5081fad4	2026-09-24T14:23:22Z
31987L0250	31987L0250.html	12322	df9bddab35b3215d13c193c2f6600ae3d612541469908b6d4c3094c6f185a268	2026-09-24T14:23:22Z
31987L0357	31987L0357.html	10402	6962fc10e0c78e2798aea30a094f4a2191d8ba30829b9c55748936113bc80ce6	2026-09-24T14:23:22Z
31989L0106	31989L0106.html	59741	22e724dbda8bd9a535326745a1b77ecb43763c7d2132db2a8dce5dbbb3a5f712	2026-09-24T14:23:22Z
31989L0662	31989L0662.html	50401	1580ddc864162a69abe0c260aa16aff5372217c35d371c514f4b8bb8624f594b	2026-09-24T14:23:22Z
31990L0496	31990L0496.html	23183	1103478894122343335cc57a0f709b0502cb5464b161c0094d7a36cf76c6aa88	2026-09-24T14:23:22Z
31990L0619	31990L0619.html	63717	c86aaff3ff9300b6a7176d50e4c25f71523df070d37aa1ae34cd0734116b714a	2026-09-24T14:23:22Z
31991L0496	31991L0496.html	66794	fbdffffc1c36fcafbb0b5bc23873cc8a7691bae15ae0830b3ed9ae22fb4eb0b9	2026-09-24T14:23:22Z
31993L0013	31993L0013.html	40871	aefd512d0a989fca65ee3f8a3c5916a8e55473d8a7727a0b260f263851645ea9	2026-09-24T14:23:22Z
31993L0042	31993L0042.html	198985	95462c9c6efd1e1e73b2a7da6e18e308e0c80e6e558d261714063ae46937e894	2026-09-24T14:23:22Z
31994L0047	31994L0047.html	24560	60d92a1f1e48d6e5d33d5f82d2d8ebf9685ac5cd3b14ca8ff354ac31a9864e62	2026-09-24T14:23:22Z
31995L0046	31995L0046.html	98812	e6310a630bd2f579d8d84b9180c58fbfb50a9b3d89a2a2f14127e3db08a5b961	2026-09-24T14:23:22Z
31996L0073	31996L0073.html	101542	82b844796df20af91bdf4765cdd961d18d914ec11f87b69fec946f1e85642a76	2026-09-24T14:23:22Z
31996R0092	31996R0092.html	10417	969f416bc9e8b42e94405c9f161e5a859555f26a76a7e76be37beb59d162c777	2026-09-24T14:23:22Z
31997L0007	31997L0007.html	39478	6a8a1c2cddd651353a6e5eb23b9020ea9754a0fb88eebd13f5702b42776e92ea	2026-09-24T14:23:22Z
31997L0078	31997L0078.html	100901	6b6cbf46817df44a34dd4d669b29140cd8e9338d091a5ce146937f2bd4202f12	2026-09-24T14:23:22Z
31998L0027	31998L0027.html	20511	43af6d11094157ab856800e31c6e048b79d3e1010bff5e39f41a905df27e30b4	2026-09-24T14:23:22Z
31999L0010	31999L0010.html	14722	c24b0f755981776c1fae34ffcb4ac3639ef787b7dfdd603b229d26b063b65618	2026-09-24T14:23:22Z
31999L0044	31999L0044.html	31587	817d553bc035329f98dff8dca7c21e55e043706c0e05cc53ab3bf28634e8fb49	2026-09-24T14:23:22Z
31999R0379	31999R0379.html	5075	dc01afbb9f5279fdb790a3eb982f1c319c3daf0fe0b68b6e600b5f5090df9834	2026-09-24T14:23:22Z
31999R1493	31999R1493.html	335309	191c835c98ad5c32ec3155650a748c8617f0dfdce1bb1716fa2f0cb5d1f43374	2026-09-24T14:23:22Z
32000L0013	32000L0013.html	56191	6c3e48d49f05ad33185f89faa7e7d5c29854aacd9466e8223a34db6b7b65615c	2026-09-24T14:23:22Z
32000L0031	32000L0031.html	86113	f0e44768ec89d6172c723e1eb48539708016559d6ab9b5cd4cbf1b3368fb7dcc	2026-09-24T14:23:22Z
32000R0104	32000R0104.html	101461	601c9f7f73a69c49b44c363c9df67aa1fce88b31f2ae29089d0461122dec2a00	2026-09-24T14:23:22Z
32000R1760	32000R1760.html	52966	b52347e5218454f37f39392b7a4fae9162854b727d345e4ab609ce1753b7e4bb	2026-09-24T14:23:22Z
32000R1825	32000R1825.html	28408	c0e92c7bd0c4a255072b4c45d7a040a5848439a00fac1b3dbdb682eecba896fc	2026-09-24T14:23:22Z
32000R1980	32000R1980.html	45864	bc0bae14ab647b8567ed0a56ef3c2449ba7e01cce6fb3c58aaf134e05642ee29	2026-09-24T14:23:22Z
32000R2578	32000R2578.html	5587	750052b5bd13f1060a0e9d4ae9a4ef81a3d97c6b0341ff4a89090bba50dd7182	2026-09-24T14:23:22Z
32001L0018	32001L0018.html	149820	496e4194ad35075f07328e96ad2ba451f57000c303a34d3d54bda4b32d66c19d	2026-09-24T14:23:22Z
32001L0095	32001L0095.html	72592	3b96125e8923908ac34df988c486aa165c6c348006ff0894906053dd433e6286	2026-09-24T14:23:22Z
32001L0112	32001L0112.html	26610	b09a45dd1ee7bbf9a74ac97575245b82586dd1e845dfc11391d2174dafe2f544	2026-09-24T14:23:22Z
32001R0455	32001R0455.html	12135	42fd8154aec0b2270caa51ca776076b118344737b52b1997c3e55f5443f2a588	2026-09-24T14:23:22Z
32001R2042	32001R2042.html	6723	7c3d185d825aefac1e13b461623057a49520cd68f0a657e30d72c5accc9bfe9b	2026-09-24T14:23:22Z
32001R2065	32001R2065.html	13378	14e653f6d8596e20c7fa99ab1157400461486eba9f9c1552cffb908c03a6ef01	2026-09-24T14:23:22Z
32001R2495	32001R2495.html	5486	bd3b85ae85483c46f9245983afe8810b3fdb1ba179442a77430bb87af208017a	2026-09-24T14:23:22Z
32001R2560	32001R2560.html	19954	4f73fbcf1c92e40df6ffa15dd14998dbae61b9b9486d7b6e23f9c7e73d9f1f02	2026-09-24T14:23:22Z
32002L0022	32002L0022.html	127515	04e7971377b4414cd8d6dcb3ca2bc1ffd5e9fb64cf14cb88ce84b04376dc195a	2026-09-24T14:23:22Z
32002L0065	32002L0065.html	52236	a85445d28282875c8dd2ee4423d026246389b7eda32006f52d22f40822de582e	2026-09-24T14:23:22Z
32002L0067	32002L0067.html	10036	9dfd6adca0a9ed2d9352e39a6bea0fe4f94bcfe142c057dee5cd5ceb27c73fd4	2026-09-24T14:23:22Z
32002R0178	32002R0178.html	138883	16eb3009275f5119f759836425e816ed1fde0d5a2a9e09bd76e8c0c7b1719ad1	2026-09-24T14:23:22Z
32002R0796	32002R0796.html	67422	c36eb0d870d4d76a6b1e7611b51bb4545fc010d6a8730ec6d125b55b214b7a1a	2026-09-24T14:23:22Z
32002R1019	32002R1019.html	29742	a4256ea6c717da262ea6026fa7772006557e8b757a4b0e1aa38d1c0dd24d8879	2026-09-24T14:23:22Z
32002R1964	32002R1964.html	5447	668c9794162f4e0b9b490c891dcdd7ca5ce2844defe1fa4c87e6137cc65fdb08	2026-09-24T14:23:22Z
32003R1176	32003R1176.html	6702	bf2ac9b0072c1c3ad56e46231a238fe382ceb1f8fcc5786867b0f6efe689f277	2026-09-24T14:23:22Z
32003R1829	32003R1829.html	130430	3906d1abaa3fdc455d431d6ca03e68bb86087abff859c503379097f4b59580dc	2026-09-24T14:23:22Z
32003R1830	32003R1830.html	28289	82fa17c80311126eb6de8539343247fd166d4a7492990b964fff348899ea7219	2026-09-24T14:23:22Z
32003R1831	32003R1831.html	158100	09742f6d678d27ea7faa4cd4e0671c79d9a08f9ba3bddd0f6f39f74096264871	2026-09-24T14:23:22Z
32003R1882	32003R1882.html	163882	92898df69f628257737e91239fca95e7523727a887f310403081e9c31be2d534	2026-09-24T14:23:22Z
32003R1989	32003R1989.html	22009	82cb94a02b59034bdaf6f2f71bfa69a19b85554072d4e9c0c725c03470f89745	2026-09-24T14:23:22Z
32003R2003	32003R2003.html	448616	6aa6ee2642766a2a7d15a50b348603fe09cd0632eddae6ca1fd3d55d18c0c32d	2026-09-24T14:23:22Z
32003R2065	32003R2065.html	45097	ead45f0d84732076b90e660c1eb5ae0623b1d5c6365a25e5c1fc9707f1451915	2026-09-24T14:23:22Z
32004D0217	32004D0217.html	10696	5ee1cbf39ee45a3cffaf1189a6b73f9843c29107f80f6e0b97aa3b8249cd72e4	2026-09-24T14:23:22Z
32004L0042	32004L0042.html	32698	b85525a6f62df1d26143a562b096881f06caeeecc9ab9fe1ae88117aed0cff33	2026-09-24T14:23:22Z
32004R0261	32004R0261.html	37409	bb76649399628f2c6e207f7c1c95d668b3996dcefeba63ad3493926b01f64dc2	2026-09-24T14:23:22Z
32004R0406	32004R0406.html	10597	ca893ad033e087bb50ad1b73932f4b367a825928819247574394915b133bd845	2026-09-24T14:23:22Z
32004R0608	32004R0608.html	10355	d00bf48da4e03947dfa16a1ac41fdb67f92380c002b15c6a7976f92ec6cb08c3	2026-09-24T14:23:22Z
32004R0648	32004R0648.html	128763	0af450163866df31a61ac91098d0ba8274ec3d2eda95e9b05e951730268534aa	2026-09-24T14:23:22Z
32004R0852	32004R0852.html	198065	0151b23f8283252228435255546cb576918fa083857271d5c251c7209d3d59e9	2026-09-24T14:23:22Z
32004R0853	32004R0853.html	691443	4957ec40366593cc03f7416aad62d1a92f5334f83f4043ada7fa153f4ac9743b	2026-09-24T14:23:22Z
32004R0882	32004R0882.html	476551	f6ca490e0550e7e9dff75c04ea28c52bacc9fad3d2e1686803504b6d1fc96c4f	2026-09-24T14:23:22Z
32004R0885	32004R0885.html	164535	bea4dfaea16bb408c1420f78a9b328374878a8c0aa4565d09fd224cdfa29a529	2026-09-24T14:23:22Z
32004R1750	32004R1750.html	13562	e3d832d9609f599b2d139be85dabe71fce708c8c2bc3bd436e9a34f3c4d4480d	2026-09-24T14:23:22Z
32004R1935	32004R1935.html	129788	4e0484152f0dba37f964a817f8fd4480447af848cfeef75c1daeb4045ba3c234	2026-09-24T14:23:22Z
32004R2006	32004R2006.html	124701	34861a26d5e38aad05dd3c4fbfdf84d166e1a15ec2909ea39f9ba23766fa8ee7	2026-09-24T14:23:22Z
32004R2076	32004R2076.html	24820	b9fc1a673e7605e73701057249719632b31fe67502d82621a4cb05924c36b4a9	2026-09-24T14:23:22Z
32005R0037	32005R0037.html	19319	7e87109450d8f2dc8a61cc78f01079db29bd85e874f3e07e6d4ccd9748eb4989	2026-09-24T14:23:22Z
32005R0183	32005R0183.html	245021	f4c000bbb60966fa65429a244bb90152b71ff688a506aef66467c0eb885f373b	2026-09-24T14:23:22Z
32005R0396	32005R0396.html	212110	9b302dbd5361bfea5731aa1cff6ba76506ee06b74364590bcdfbe31638fd7eea	2026-09-24T14:23:22Z
32005R0790	32005R0790.html	16826	20d51fc57aad7f3c591cd805bfb8cd377179e9ce78837fbe6042d5a85566f833	2026-09-24T14:23:22Z
32005R1895	32005R1895.html	43872	62f46080e512b1f088e8f3ac6eb3671ac765ad029856f9410bbf840b90df8d16	2026-09-24T14:23:22Z
32005R2073	32005R2073.html	284481	fd968134f2d0d0f5c03eb3ca15dd6f0d77b2cf12c1bc6dfcae48de85c26dfaec	2026-09-24T14:23:22Z
32006D0504	32006D0504.html	727705	72a99f7e5a5c5650aa5fc3ff1a8b959526558ddd1dfd88ab092c955696e05ae9	2026-09-24T14:23:22Z
32006R0178	32006R0178.html	507516	7f4b73e3b1ebaa2665b9fdf28768dd0e9153f54a48d1bca87481695ef043327e	2026-09-24T14:23:22Z
32006R0228	32006R0228.html	18001	c0d017e3ed53952f55cc128608bb0fbc01f1c2fa4fce90e96e240f444ff27446	2026-09-24T14:23:22Z
32006R0401	32006R0401.html	302893	254abe256c84fe1e97dab065d5f1f85614c08cafe42f9095bc3ef278d1f5b42f	2026-09-24T14:23:22Z
32006R0509	32006R0509.html	121647	8d555da18dc2633af5d337ab506d098c7a6cc3d09c71a96e194304a7b5847fe3	2026-09-24T14:23:22Z
32006R0510	32006R0510.html	157656	41d5ab9ce0972e49db39ba692754fb72a8ba8f6165a38b1b7f84d6930856438c	2026-09-24T14:23:22Z
32006R0907	32006R0907.html	61696	c3ee1d652245f7dd061a3020790f7015265cf52c407ef1085581d5dff8e9c771	2026-09-24T14:23:22Z
32006R1044	32006R1044.html	14135	0f4122e0a97ff4c72ffd3d36d45764ef0095565a8da5b6e210b1c94090a4ea9e	2026-09-24T14:23:22Z
32006R1107	32006R1107.html	94146	d83d3cf0042e9baf41131069c3b855ffc57d5fa8397de850c3c7f2b629b9bd94	2026-09-24T14:23:22Z
32006R1184	32006R1184.html	23513	77511d76cfc6ee0de918c999e60c5a363063217c1f4bb528aa8bff4e31743efc	2026-09-24T14:23:22Z
32006R1759	32006R1759.html	15652	bfb659b293c43a689e852c1247093a7e11c6963b6caa27762cf57b5a5f5bed82	2026-09-24T14:23:22Z
32006R1791	32006R1791.html	9164210	15859339380d46f825a0a1be344319b36c2aa0bb4d3c28e35fa57aa9b8cafdbc	2026-09-24T14:23:22Z
32006R1792	32006R1792.html	1656515	8a3085005566e3e4a6f835d3344066c954c7a8264c9c05a7f20c1349eb2d5460	2026-09-24T14:23:22Z
32006R1881	32006R1881.html	446848	edfee7f58a55a2d70643bff43a133b81608ad8c06f54d2f5efabe6c437914cbe	2026-09-24T14:23:22Z
32006R1898	32006R1898.html	2457177	a2166dbb34009284323b0365556f3c45c219a52b2d53679b17c27785cf70d924	2026-09-24T14:23:22Z
32006R1924	32006R1924.html	190542	69cb7bb104fee41880ad90d8eefdfb3875fabb0cab865b50449f8f8c2df952f5	2026-09-24T14:23:22Z
32006R1925	32006R1925.html	109562	73e24ac64fe60e5d38e498938fe7dad6fe59faa686be55736eafdd4ff7d5a45d	2026-09-24T14:23:22Z
32006R1981	32006R1981.html	103260	998bc5573431b3e7874f0d2d0cda725280f1810637faed4b4dd870aec54edbb7	2026-09-24T14:23:22Z
32006R2023	32006R2023.html	32195	980e288ddfa33cde8158ee3d7ec928601f621abd63f62a797c6ce531afad3bc9	2026-09-24T14:23:22Z
32007R0162	32007R0162.html	161649	b69064f82079ff0074c33304e7452ec784508fee153bd5c3ea7de3fe54d5ea6a	2026-09-24T14:23:22Z
32007R0275	32007R0275.html	47790	ba9494ff8ec1cfb79d138fc891af603d6c5c93566ad219dab77573c3937a7c35	2026-09-24T14:23:22Z
32007R0445	32007R0445.html	56336	e2650c6d990e1f559d779832ae9e7eca2cff501d2d5b29efe037a42978931a93	2026-09-24T14:23:22Z
32007R0702	32007R0702.html	642636	18866549e6e84ac03d1573a294a6c5b72f40717609674b2fbdf9cd531948e6ca	2026-09-24T14:23:22Z
32007R0834	32007R0834.html	357497	4c92a274501bc76406b796d8b3705023915353923166b1de555318cb1bf34e48	2026-09-24T14:23:22Z
32007R1126	32007R1126.html	48624	771ad409a3a37ba993cd23febbd9c5b4e621cd5488810b6d37d204319c4bfc33	2026-09-24T14:23:22Z
32007R1182	32007R1182.html	542753	3a9d03188fdfbb7894cffb81c38569d063706153ca04e03fd52b3a6cfe61f135	2026-09-24T14:23:22Z
32007R1216	32007R1216.html	396074	258fcdc5132c5e59a1ab4425d4b5c391c7cf28a4ac02f0ce36987b7236453cf9	2026-09-24T14:23:22Z
32007R1234	32007R1234.html	2592037	973d7df190c10c09f8bc19655b1075f4dafd03552b5d29bc321ba7cb572099df	2026-09-24T14:23:22Z
32007R1371	32007R1371.html	251040	83673474e0232647368ba52ca2ffca7e4eef1e50c3b5b089e56b6a4c64290ad1	2026-09-24T14:23:22Z
32007R1580	32007R1580.html	3680949	1da787cb3c1ccce4210a2a3d35903f3e9882f55221b15e32f6d5b04a85466705	2026-09-24T14:23:22Z
32008L0005	32008L0005.html	38992	59e45216b1e3cb66de60b6c10cea3f4f50f8aec595b88b9af9182eac656b3c8d	2026-09-24T14:23:22Z
32008L0057	32008L0057.html	453711	bbd1969770cd0afc9e82584019b716bd5609ee4b297aa9dd9ff6476cd2a93abb	2026-09-24T14:23:22Z
32008L0121	32008L0121.html	249823	094720be4ea7fb4dc7f04594bc4250b952974e38833e41d57961c80187709eb4	2026-09-24T14:23:22Z
32008L0122	32008L0122.html	3928138	0c6bdfee827f13492dd226b9f09e5512c1f97038f4df1c72165a77323566a363	2026-09-24T14:23:22Z
32008R0107	32008R0107.html	46839	7b964827539d90cbcaeaccbc252e72ebc4c3f6c9dfeccd937f1b97124aa40abe	2026-09-24T14:23:22Z
32008R0108	32008R0108.html	36122	10b8773f895cc2cb894948c54d6c3ac8444e9d512b8187d81c409808bdfca975	2026-09-24T14:23:22Z
32008R0109	32008R0109.html	19328	b8731f3d22674ba15ebd376c80e7592a0803e658247269f23dfdcbe7f0ac4beb	2026-09-24T14:23:22Z
32008R0110	32008R0110.html	642073	05cfa56022d07d98b793ac860f22fbde34f186059a51011a51fcd3b9b548bddb	2026-09-24T14:23:22Z
32008R0247	32008R0247.html	66019	c931257d2560752310767787bc90fdf7855d3f85d171e2be8d3748858666aaba	2026-09-24T14:24:38Z
32008R0248	32008R0248.html	21639	267b515e73a635797ea098dd7c8923843775c3f14d39ad178a3e34400d190c4e	2026-09-24T14:24:38Z
32008R0260	32008R0260.html	12675	05c1f6262fb2e7eb845b468c14f94036d2e61d2aaaf810cb45ce50646e186f3a	2026-09-24T14:24:38Z
32008R0282	32008R0282.html	106320	4a92121e86e2a8258da6bcc52e4b9309c44299a6d8c2db1eee117aedb0ad0c15	2026-09-24T14:24:38Z
32008R0292	32008R0292.html	23470	c4e4a170b7b0b7d62c2a7dca83bc173047b5ac73c109f30436fde898c534cf6b	2026-09-24T14:24:38Z
32008R0298	32008R0298.html	31571	8f63c6cb669e60cf1425b0646ff80388a895a96064b8f8a951482965ce6954af	2026-09-24T14:24:38Z
32008R0299	32008R0299.html	54681	215dd925934c58f7bf7c0adbf0060c59ee17aed1329a66cffb081f7b7cae0f75	2026-09-24T14:24:38Z
32008R0352	32008R0352.html	31523	1aac50d7f2885c115e7f29ac179dbb658ed8088658928f62b991d2afa6c0dbce	2026-09-24T14:24:38Z
32008R0361	32008R0361.html	520592	7a97ac4d4d0e0fce83d52aec7a64a4707048b2e6ae0d899c6fcaaec62b5a91b9	2026-09-24T14:24:38Z
32008R0417	32008R0417.html	12028	ed36f286b8b1e23c1bbd2890f3880d0cee908bc99983213e26648efcd385c365	2026-09-24T14:24:38Z
32008R0470	32008R0470.html	14935	c6f03f1cfb11bb920c68f0bb06ba5f8cc43d96a1f124c7430378449f70ffbb51	2026-09-24T14:24:38Z
32008R0479	32008R0479.html	865285	c36acbb198e7f5beef5391134ec9c111eb8278c10c0d6776947701c9f7c3ca46	2026-09-24T14:24:38Z
32008R0510	32008R0510.html	33041	2de9798c2ce058b2066ecdd48366c306ea176da8f930565aaab29ca520c75ea8	2026-09-24T14:24:38Z
32008R0514	32008R0514.html	344327	b99c66cf0a9ffc680aa7890c2e0924e175347c4c8447faa8888e022fbf849bf4	2026-09-24T14:24:38Z
32008R0543	32008R0543.html	752024	19daf5c929c4677a6a73e887cea236559682e29a17e93487eb4a5c1fb5174282	2026-09-24T14:24:38Z
32008R0565	32008R0565.html	16761	0753aac3a8d64560c711c8092d07237cec808212d9f62c8826401da5ded4cefb	2026-09-24T14:24:38Z
32008R0566	32008R0566.html	44408	e0a5d3efcd6bb26822d4d4d63ff1286351234421eb595857d041a9fd43ab0733	2026-09-24T14:24:38Z
32008R0589	32008R0589.html	214300	80e07def78b5491560226c3b22aa1e4f7fe992a2ff280f1ed3cf95d0bd0859f1	2026-09-24T14:24:38Z
32008R0590	32008R0590.html	41415	589f6b1f953445a19fe31a876c0c91028287e21d386498c09513aac37f8c3417	2026-09-24T14:24:38Z
32008R0598	32008R0598.html	17179	8d7e22bca00d295e413621e51e9fb907ee20a1e54ea7aeeab9bd0e24ff766535	2026-09-24T14:24:38Z
32008R0617	32008R0617.html	635447	97d7805197bd89e1c3dd803d82d01c0fe0aeac18344080a96eecd748a13ab4c2	2026-09-24T14:24:38Z
32008R0629	32008R0629.html	85147	0af0b15340a8a6ed3e27e59855c8fa1e49a418229e4fbe0334ca628e06da4531	2026-09-24T14:24:38Z
32008R0632	32008R0632.html	12468	94e2741cad0576d9229f027cdac581908244711155738d5c5a5ae66c9fb9b492	2026-09-24T14:24:38Z
32008R0640	32008R0640.html	192227	d8bd0c6c02e1680159101e69011d294b491e0b6031fa62d6a554b4efc76971cf	2026-09-24T14:24:38Z
32008R0760	32008R0760.html	41862	c9e11227fa3089c9b340ed7d0cfca15e0aeb474c350eee08119812c6f76c8841	2026-09-24T14:24:38Z
32008R0765	32008R0765.html	387637	82b92fea4908d2ce25bc28362cea393a7db37bfbf0a962343bb29dbe7eca54f4	2026-09-24T14:24:38Z
32008R0889	32008R0889.html	5277243	0a93b92e3eaec275de7128aba32460c9839de63667ce09cbc755b7dfee057cd6	2026-09-24T14:24:38Z
32008R0936	32008R0936.html	11651	963e26fcef4596fdb83db8fbc1a8f1a20070f12d21fb2950ee0a91b39b148ee7	2026-09-24T14:24:38Z
32008R1008	32008R1008.html	221424	08f1fc5c83a98fc1ea84f1b53a4c3eb4e8f823171423b8043e37a8137f0a250b	2026-09-24T14:24:38Z
32008R1050	32008R1050.html	30959	a826478987ae49c3d5f75146105e833c0e5af0f13b821e72d35a5d566da82a8d	2026-09-24T14:24:38Z
32008R1107	32008R1107.html	34681	35620bd2e6ff5f9b92dd9fbc2061c6c049f2787c06cc65be334c5d44f6e579fc	2026-09-24T14:24:38Z
32008R1137	32008R1137.html	453827	3a8de001d6bd4a7d9592775e5e4c5c11f00e399850cc1468518fed0ae786d1af	2026-09-24T14:24:38Z
32008R1183	32008R1183.html	12071	161b963297dee7449be8778d7661be7069198facfda5a763343741178a24e752	2026-09-24T14:24:38Z
32008R1221	32008R1221.html	1345406	dcf2959a19e553b7c448fb6ca8075755dbfac6e117006c6093bee7fb116d69c9	2026-09-24T14:24:38Z
32008R1249	32008R1249.html	402765	3efbf28540ddecc13bb13cf2bf009f25bac60e8a5bede9ee85785d83846c656c	2026-09-24T14:24:38Z
32008R1327	32008R1327.html	50859	5c311fc21643e31c1a5a23ebc0d4e6af91880caf730a96b80f001affd3f188fc	2026-09-24T14:25:54Z
32008R1332	32008R1332.html	116859	f9a1d46739d0b8671385dedd48846b22d3b6619bb35487e360304c42381d4960	2026-09-24T14:25:54Z
32008R1333	32008R1333.html	217245	afac524e498f5e85aca73f8678ef0f72bb5d494fcfb6582285bbfb0417fabc72	2026-09-24T14:25:54Z
32008R1334	32008R1334.html	225255	f55d530e120de77c30a3ffda0bc8da2c6ed8febe6ef10db0e7c054531fa3b4ff	2026-09-24T14:25:54Z
32008R1336	32008R1336.html	20717	1d2f0713ed354a53680882a9543979e0edd698a3fe1793aa9d8985a121a38442	2026-09-24T14:25:54Z
32009L0022	32009L0022.html	69097	7cf1f1e500c5769e1c7d4a8c8c5d6fb56810f82043cc43591d8cb8388eb77eee	2026-09-24T14:25:54Z
32009L0125	32009L0125.html	515312	3fbc3c6b121d4a256d627e050baecf8bd4846011d6f2752020b0653adf9cd40b	2026-09-24T14:25:54Z
32009R0013	32009R0013.html	54649	5ed4d3bd2538a0361d141259b30554b1b0625258630909a7f2571f01123b7f79	2026-09-24T14:25:54Z
32009R0072	32009R0072.html	226157	d32e059154bf6061b56d9c420930ad6e51ca2efec623b4018b66e590aadfb497	2026-09-24T14:25:54Z
32009R0182	32009R0182.html	47183	335d51c8fa655be8c74364d85d29a14cc4ccbb5a2d202571a199c2f921bc606a	2026-09-24T14:25:54Z
32009R0183	32009R0183.html	30740	8c5b8e62b4a9c825cc22821a41edf9b27cf059dacb6a8c7912433777fa30d2ce	2026-09-24T14:25:54Z
32009R0313	32009R0313.html	44758	3b47bcf55171bcff66aae7fc4f09d1d016a124028be28701fb89840351209c46	2026-09-24T14:25:54Z
32009R0436	32009R0436.html	742353	afbe2c40416d975c800995c1ead32419920418ee0cc29a2c7e96b4fdd7a4a4da	2026-09-24T14:25:54Z
32009R0450	32009R0450.html	104225	912b03454f4773c45726bd135c9274266c5145a04ace77db2d9f430a27a84a08	2026-09-24T14:25:54Z
32009R0606	32009R0606.html	786340	122c547ce1ebf2fba4ea3fbb452a6ddcfe111c63b3bf637e4e2fb33b2e5da302	2026-09-24T14:25:54Z
32009R0607	32009R0607.html	1143410	7371a16b1c98393ebf2293282c607da0a8018c55263f8cebade0b7e0e032f7d3	2026-09-24T14:25:54Z
32009R0669	32009R0669.html	1011978	6b0173edbb7981c4935fb44fe6958de380f75b9573b612aae0a206b00b985208	2026-09-24T14:25:54Z
32009R0767	32009R0767.html	398145	ad993a698b3f8fd700891d9628cf9f439e5adfb81fb437d65fa53b99884eacea	2026-09-24T14:25:54Z
32009R0924	32009R0924.html	71979	baacd726d9707a9ae5e11b25331347f0a409cec00dd3a66b766432587fe5907a	2026-09-24T14:25:54Z
32009R1069	32009R1069.html	583770	19ef7d2bbdbd343fd0bb86ff6b8ac638264e317efa5972403e9510ef17d03c95	2026-09-24T14:25:54Z
32009R1162	32009R1162.html	39898	07f389895bd6d0ecf3f61b66421fcf8a688f4536edf691ee9f281026319000d0	2026-09-24T14:25:54Z
32009R1223	32009R1223.html	2206787	2f31e49e94c1d4b2204eb25fdf897c2221b1de63d9b619324d665a363bf5057b	2026-09-24T14:25:54Z
32009R1224	32009R1224.html	671096	11bc4ecb75c47497cad0e0de83398863f38f07d0da50709bca7a8170ee0f910c	2026-09-24T14:25:54Z
32010L0030	32010L0030.html	132994	7bcfc1b27cd3851f1630aa56ad25b1aba23bea3f7b16b2cec9ff4ea3085ef3bf	2026-09-24T14:25:54Z
32010R0066	32010R0066.html	225882	1ae4368c57de2ea2d86e3df0ddfab7c977595417a372f271a6917398ef0ebd01	2026-09-24T14:25:54Z
32010R1059	32010R1059.html	1044064	d35e7f3168d5b0ae89d75792239f22113f4e00f9772fdf8e25143e0a13ab5447	2026-09-24T14:25:54Z
32010R1060	32010R1060.html	2223686	b736c82b7bcdce83bdde29f166c8ae0f6588e5f54ac6053426e30caf994cb848	2026-09-24T14:25:54Z
32010R1061	32010R1061.html	1076067	ebbbd04b242edfb6d3fd59f935071d66b9c88694004bff29a9e19c62ae872529	2026-09-24T14:25:54Z
32010R1062	32010R1062.html	1122300	57724dce71b537d60f33fc92005d4c8049f4cf53730202d4f33346961e9e1863	2026-09-24T14:25:54Z
32010R1093	32010R1093.html	404917	9c21e323c0d3b3cb69899553d1174761f9fc3ca090cfaa418b94dbe2fb8ff975	2026-09-24T14:25:54Z
32010R1095	32010R1095.html	408789	e84d72e0f7c7651a738e53c7a95799fbcf2645269bb988275bdd549bd7e6bd66	2026-09-24T14:25:54Z
32010R1177	32010R1177.html	161509	e3e0eb1ad417ac62ebbb33ffc8eb0965f2a70f0d452243c364e1d556b66ef5c9	2026-09-24T14:25:54Z
32011L0083	32011L0083.html	319722	cf9bd8ae35f85bfc0131cf68fc6467dcf24989a15271c3e6416ec761994a2ae8	2026-09-24T14:25:54Z
32011R0010	32011R0010.html	1967368	34ebcf96ca3cbf9aab1e32a861d4ad839908a02b6dcf2a428b9c1f60393fc609	2026-09-24T14:25:54Z
32011R0181	32011R0181.html	139622	3b8bd1e03ba341d09588eefd0973ce3a12d5b717e0141c1a7ecbfc394f6ff287	2026-09-24T14:27:09Z
32011R0284	32011R0284.html	366385	d9538f823a8b2ea7fd8d1f012cb984ed7174763b98f811484d3c12852a9d103a	2026-09-24T14:27:09Z
32011R0305	32011R0305.html	407855	1fa0f2c0d7bf58b1640e363df5e30d01c412c1d53c8689d645cd5baf0d0e26e1	2026-09-24T14:27:09Z
32011R0543	32011R0543.html	2250552	2bc8cd0345ad25761cba1b47d60eb9f73ff046d2ef6781c5f61f3efacba10928	2026-09-24T14:27:09Z
32011R0626	32011R0626.html	9997307	405c695ef87eb7ef2175874cc05e38085683267e1c78e12e32c47f2feca5af04	2026-09-24T14:27:09Z
32011R0931	32011R0931.html	24590	e7b0742cdddb7ee13e8e22e03e2f05c262868c7f3bf2d481d3fc13c0c7da98cc	2026-09-24T14:27:09Z
32011R1007	32011R1007.html	983207	31b2d323d80ef8751b6e1cb3040edc63f3d49a664df6c79f94e41d7a6a37748d	2026-09-24T14:27:09Z
32011R1169	32011R1169.html	631202	aa057fdfe4f574c8e47fe9ce5f51f08c1f3dde2639e1311584b1e256b35ab048	2026-09-24T14:27:09Z
32011R1333	32011R1333.html	425370	ae38664972d7b89bb7ec6ab3e1120ff1558206d2adc0adc6071b0d527333e900	2026-09-24T14:27:09Z
32012R0029	32012R0029.html	87008	96451304c8ee9a49a65042b5b317ad12eff2f22fa775376787091f7bb8e0f252	2026-09-24T14:27:09Z
32012R0260	32012R0260.html	238037	88ab64470389c00d67f1b45e4b7663b9743ef81b00de5f3df9d4e9931b0d76c3	2026-09-24T14:27:09Z
32012R0392	32012R0392.html	3318962	56457c1b9c33bb4be18d1755faf41969303286d17ac0c921d2ec1d4f3294e124	2026-09-24T14:27:09Z
32012R0528	32012R0528.html	1762380	3235aaef921ade33bcb9056d12d45a9fd2480294768f49625295f6da7d6b89df	2026-09-24T14:27:09Z
32012R0531	32012R0531.html	289958	58b3fe9547b2826dd3fe3207a6c6b0800d3c32301fb55f8221ee3af36a5260d9	2026-09-24T14:27:09Z
32012R0874	32012R0874.html	1073645	e3f3044bdd81bbb0eca6a4cf66e54d9c57a74d70090fb76a72beedb2ff10c2a9	2026-09-24T14:27:09Z
32012R1025	32012R1025.html	271398	ab8bb98c3a8c7c283225ebb1c7c4d9cd7892a18288a58cf4c96c0380999b8b89	2026-09-24T14:27:09Z
32012R1151	32012R1151.html	369768	2bc3e5f128bc32b1c31397a570c15270fda6990635699ac27d69a1603bf8ad6a	2026-09-24T14:27:09Z
32013L0036	32013L0036.html	1319203	bae717b1280d2a464e4318f1251512e03c8827c81963b4f8569273ad8f8f26c9	2026-09-24T14:27:09Z
32013R0524	32013R0524.html	156319	d491bde91c3250db97998028a4713333687faaa59bdd15de7f8aadd13aba407c	2026-09-24T14:27:09Z
32013R0609	32013R0609.html	340230	0542f479f5ebadb045b31dca080f891940bb5c06647486da4ed2b8513956a809	2026-09-24T14:27:09Z
32013R0665	32013R0665.html	2128207	90e4c3e93abe3e78e17ba6d11713e3d17756b1fc135e630159075892bebb0650	2026-09-24T14:27:09Z
32013R0716	32013R0716.html	79350	acf9b4d4f70925461099b348ee0549740d2a5c1b40e46b6e369185bbfb3d373c	2026-09-24T14:27:09Z
32013R0811	32013R0811.html	9520037	254119da5fb28429b18949cc7d20c35280fbf791301341a22abc93229ba67e74	2026-09-24T14:27:09Z
32013R0812	32013R0812.html	5206620	fbe8dfcda4ac5dd25a1ce58c3c5ddd8d248e9e48c36b8df51f7c3470a2be7be0	2026-09-24T14:27:09Z
32013R1306	32013R1306.html	750260	437401def55720d716835a4d37cb5f357c983ad10fddc9219ecc9579d4f4f0d8	2026-09-24T14:27:09Z
32013R1308	32013R1308.html	2798247	f15203fe1cf86d8c586a9dea90a28a1a299bb42d3b52a73b0660b7c7cfb5a10f	2026-09-24T14:27:09Z
32013R1337	32013R1337.html	51157	3ef861fa985f606f314d9de84fafc2d4041a93886450b991b358d141e60c72d8	2026-09-24T14:27:09Z
32013R1379	32013R1379.html	308353	392f57d99e2f3d218bf354f02509483a11e4f7427552d4da43e37f4a6f13d3b4	2026-09-24T14:27:09Z
32014L0017	32014L0017.html	563818	792ad246d3cc778d302953dc6389e519a133bc808c95f86efc40c3f93d1775a8	2026-09-24T14:27:09Z
32014L0094	32014L0094.html	199463	868243795b9ce8b4628c226387e24ddd824481722aaa55bbfbf40292081b63c1	2026-09-24T14:27:09Z
32014R0065	32014R0065.html	3628062	097bc67e6f990039d5a5f7b464188a09e389d981b34d807ce4c06772db6acb34	2026-09-24T14:27:09Z
32014R0251	32014R0251.html	253408	2641d479d7825cf3efbe45b2cb288cc7a1704169a9966dbb71c3138b66b3c8a8	2026-09-24T14:27:09Z
32014R0665	32014R0665.html	29408	384ba0fa27a6863671cfe7d02b9a9ce48e637edcd6cbdf9d24b2420f442f4d27	2026-09-24T14:27:09Z
32014R0668	32014R0668.html	1474251	53d74df25877d8941bded066c6fc54681eecc9afaa966000be78ae626ef04af4	2026-09-24T14:27:09Z
32014R0828	32014R0828.html	32067	e7128ac156e809bafd9219294f0304148da62aed89e622a49fc650816c1693b2	2026-09-24T14:27:09Z
32014R0910	32014R0910.html	380680	0c1a7309ce54c6fb33fa730cb5c574f76285b920db442ac209cf87422950a78b	2026-09-24T14:27:09Z
32014R1254	32014R1254.html	1146089	7b015dbf63651c08efbcc2d300180625a15c6a4e306149d2e471d9b3a3d8e7da	2026-09-24T14:27:09Z
32015L2366	32015L2366.html	926541	c6510f2b3b5f1bb03b519be08e86bf98ef9ba85fc10720cb093b27be03cc6498	2026-09-24T14:27:09Z
32015R0751	32015R0751.html	163428	e23c046e3f82f66ee0f2261bdc18f37026979e3e4f66bcc92f9833c0405471c2	2026-09-24T14:27:09Z
32015R1094	32015R1094.html	681850	050f7959ae37928dde3e3babc06cce6b384f272d22835c7a0fa0e2346994ea69	2026-09-24T14:27:09Z
32015R1186	32015R1186.html	608918	6651012a4fd903c1b84018416d6d5149cf97f626c4b7b9c84cfe041c2ff37e8c	2026-09-24T14:27:09Z
32015R1187	32015R1187.html	2027287	ef6210760ee5cb468c39c9bb6256bcb9d85247cf3b0e2e4c7e462c3cc5c69bab	2026-09-24T14:27:09Z
32015R2120	32015R2120.html	188517	db20bf20df6f78cb57453b508c34a7e1d3a260018395bd8a1aad7533575601ce	2026-09-24T14:27:09Z
32015R2283	32015R2283.html	217000	e64bbf52f04084184480e17dcb50f9359b5bbf497967cfb8ef2631d7a1cdbb6a	2026-09-24T14:27:09Z
32016L0797	32016L0797.html	495662	b986d6b85e7fba06c03d1fbb87229894757375517e7e586673df922df91b44df	2026-09-24T14:27:09Z
32016R0127	32016R0127.html	282724	f9fc316f49f5893cf3a81203696d3ee9c2f2011ccd8b4724906ab3e9a93aedb6	2026-09-24T14:27:09Z
32016R0128	32016R0128.html	154939	b249afd66d6dbb6cdf631e4dcae759a6291f9f1ce252ef0bd0b9a04ec766d0a0	2026-09-24T14:27:09Z
32016R0425	32016R0425.html	379768	92ba5872f2492dfe5f63121567ad7c70fb2bc90ffaf4f8a3c567023681bfe40d	2026-09-24T14:27:09Z
32016R0679	32016R0679.html	878511	c6d9baf431c7a31437b010570b336a355c2fdd0d7a08990df75ec33b2acaab28	2026-09-24T14:27:09Z
32017R0625	32017R0625.html	1789977	7596285b06c61418410bcdb820c2df2fdd80085e8be1912e8b260b96cf5fe4a0	2026-09-24T14:27:09Z
32017R0745	32017R0745.html	1794981	987e0444675d10b9d909265dbdf0e82a4e5aa001968adb55f52944b7d50f8580	2026-09-24T14:27:09Z
32017R1369	32017R1369.html	238659	91282c185284ba9aeb265231bf80f99e4498ce0468ac22dc96bd515d087ae971	2026-09-24T14:27:09Z
32017R1798	32017R1798.html	75327	1e3c9e2f1fafde016026763c03a76e59b3ed92f96d61e6cafbb8451e82b49213	2026-09-24T14:27:09Z
32017R2394	32017R2394.html	272442	cae2605d0c773dcd4287e27ea509a034b4dedfe6f1634e8bf0be3ab76bc8878a	2026-09-24T14:27:09Z
32018L1972	32018L1972.html	1705235	b7e7bee2762c29b55307254bb389d7d019adf36be06c9b9199a4a85926eff3fb	2026-09-24T14:27:09Z
32018R0273	32018R0273.html	751498	c04e058def6050468971091d4b4b4aefebfabc635a9975b0ac34f45422b2173c	2026-09-24T14:27:09Z
32018R0274	32018R0274.html	440985	377e39bffb92d823260aedd0b1d5858a2c974d285de8e5e0d345d28ba6da82f6	2026-09-24T14:27:09Z
32018R0302	32018R0302.html	128293	308ab920bf104e1778c32a668a81c7356c94701421f9203e289b20310600bbac	2026-09-24T14:27:09Z
32018R0775	32018R0775.html	39281	c7e97ce46263f4a6545367731a0e68820be5bc83839e540840b511466b32f8ac	2026-09-24T14:27:09Z
32018R0848	32018R0848.html	1983369	ed72e9404ccd8e8cef5dec29bcbbb2f390d89f65b833795d6d7d3e31eeda9423	2026-09-24T14:27:09Z
32018R0858	32018R0858.html	3313666	5eb012aa78ecffaa36ae7ce5cb9b06ffc9bf9026c17a2062ee7c70f82502ff67	2026-09-24T14:27:09Z
32018R1139	32018R1139.html	1229872	a6fb2ea642e80530b8093ec1a05d0e001a5ed1dc2e03ffe5c86e1b476f28ae36	2026-09-24T14:27:09Z
32019L0882	32019L0882.html	517528	a8d863ce2954da3e8851e6961c922a783b241230576cb52ced6ba5052d691c81	2026-09-24T14:27:09Z
32019L0944	32019L0944.html	747354	209dc43dad96c903d2616ac454a95d58aeef7bc9d2ae7e2c592814136eba1417	2026-09-24T14:27:09Z
32019L1937	32019L1937.html	494687	cb777ad1a3efb93137648c307f66ca1759426c8f2e67c3c4eeecc94cb9a3c762	2026-09-24T14:27:09Z
32019L2161	32019L2161.html	280274	92c4108db00aa44ea3dfffb0cc3d0508bb1b96f722fcd1da9a6cca3be81d8914	2026-09-24T14:27:09Z
32019R0033	32019R0033.html	619190	ee8d8f1c566a8a011e61e84dc22a558892ebf243c4c9fdd46dedb7f944319406	2026-09-24T14:27:09Z
32019R0034	32019R0034.html	240325	51490998af551905d4a40f2628d9a1069b10fa42d37ef1d9e0ec4f9b5b961c4d	2026-09-24T14:27:09Z
32019R0787	32019R0787.html	707040	73625cd3edd89d6dce74a642275b26a6f4c080d90516d0e92872f6738d9703d8	2026-09-24T14:27:09Z
32019R0934	32019R0934.html	611462	71bc3f49ffad009d4ff70056c1d23bf45600662cf15e65f0c7c0ef4ad1e2d813	2026-09-24T14:27:09Z
32019R1020	32019R1020.html	466974	22aa5c3627ff5f2142bbeaf46b8df4e2e563e06e16a9e267f282b4469128d230	2026-09-24T14:27:09Z
32019R1793	32019R1793.html	2669133	ad32aa713715a34d0d3706dcfb3d2fb9687b0ff1a638dc731b8950d22af6022c	2026-09-24T14:27:09Z
32019R2013	32019R2013.html	659713	ce2c65e884eec0f8f116ee4ce0c3303b2dbad7e92cb61cef3b3628e1cba63d36	2026-09-24T14:27:09Z
32019R2014	32019R2014.html	1121660	9f8a2ecb13314f704c392c6368a62c0c6bdcf26efd92c02f02d2e08e5fdd0095	2026-09-24T14:27:09Z
32019R2015	32019R2015.html	1151991	0943772d73060f5d7e33eeba9cd7a82b0eb7e88130f064bc8198c9c7411a8041	2026-09-24T14:27:09Z
32019R2016	32019R2016.html	957777	519bfd8c11702b2fe4c0288d0d6b47b10066afaaa258eed54b3a8e1d8e06d8ab	2026-09-24T14:27:09Z
32019R2017	32019R2017.html	551313	d456ce0fb88c29e8579c7a59b69bbfb354bf6fbdb44e3dc309b747d2a48265a3	2026-09-24T14:27:09Z
32019R2018	32019R2018.html	1226960	336124e70dee924b0592350ad6741dbe327ee14d7003beeea29416a4abde3626	2026-09-24T14:27:09Z
32019R2243	32019R2243.html	54778	1c33b53cf41ecdc671460ff8726102dee6b2678c96a649e65e3bb04b7df0dd4a	2026-09-24T14:27:09Z
32020L1828	32020L1828.html	280054	f93a995f1626ae15f59f9aba878632f40ee5b2e95e43195bff24294c04abfcf2	2026-09-24T14:27:09Z
32020R0464	32020R0464.html	254205	c5be7d64f36b2b93cfe6a0aec09254c71e51fbf70a6e361fe0a3965385ec0c54	2026-09-24T14:27:09Z
32020R2146	32020R2146.html	37190	d14c87ac11c7288f6c2af977bbe1d96f3956665f900e329dc8affd54dd9497a2	2026-09-24T14:27:09Z
32021R0279	32021R0279.html	273359	9521d8ed31b961792e79e66c2657bcecbd575adfb237a90f09f5b88e99596c8a	2026-09-24T14:27:09Z
32021R0782	32021R0782.html	394477	ee37f931e69f28d8985b485d26f59b77b4a4d26a778ae6a4e5e90b55528ca1dd	2026-09-24T14:27:09Z
32021R1165	32021R1165.html	398496	017b7234d44b92f69e1900a4d8a831b3e16b13be240f42f06d61f763eb85e923	2026-09-24T14:27:09Z
32021R1189	32021R1189.html	100535	48121acf6807d3c7935532c09db9a3ceca5bf3f76b56233f896774da31c52434	2026-09-24T14:27:09Z
32021R1230	32021R1230.html	103953	c83eda2d5487f8f2273f9dfee9caca3f2d29beffaf71741bcb5f91b43dcbddbf	2026-09-24T14:27:09Z
32021R1378	32021R1378.html	105732	7e10735740e52469fe6db1a20db486026ec0b8826b21de5d8df632399946a3af	2026-09-24T14:27:09Z
32021R2119	32021R2119.html	37368	a3a1e37dde0ba9118a020687b9c00ec83a53d8b48c9add2ad8e5ea0803dfedbd	2026-09-24T14:27:09Z
32021R2307	32021R2307.html	87434	175eea9386aff9a9b52d1d2a87c883f365c8d4094f7d3ac8a0d61abec058b5cb	2026-09-24T14:27:09Z
32022R1616	32022R1616.html	499931	96a8e52b6005f6c7bff631ee46a4dec57a394693826b927ff45ca43a088e5455	2026-09-24T14:27:09Z
32022R2065	32022R2065.html	914840	5fa1927b05ffb521ee3d35fab4ed25136d7024f3c9a70ae707ce98d82ae09f67	2026-09-24T14:27:09Z
32023R0988	32023R0988.html	491852	1179db48342d1e97c5585366f3fad3171eaa3b7a72af0e44eddbb9515ade0fb2	2026-09-24T14:27:09Z
32023R1114	32023R1114.html	1820050	6a11b8fcbbf113a26329da0fe5c017c35e2372823bf909a4efbc5572a89ca7e1	2026-09-24T14:27:09Z
32023R1804	32023R1804.html	483026	d5f2d2a7245ae5b8ee7d0e543a8736c4a89874608fa46014a88417e695a29ee8	2026-09-24T14:27:09Z
32023R2419	32023R2419.html	43727	0945297c3cf276785fef8d729d92a5e60cc39667b3e6bc1040b7b9a6c66b852f	2026-09-24T14:27:09Z
