verdict	cle	chambre	amendement	sort	auteur	article	formule	dossier	subdivision	dispositif	article_du_fonds	url	verdict_bis	verdict_ter	juge	juge_bis	juge_ter	commentaire	commentaire_bis	commentaire_ter	date_jugement
juste	009dcb79da8fae8f	assemblee	17000	Rejeté	M. Jean-Charles Taugourdeau	L113-8	rédigé	JORFDOLE000027383756	ART. 4	Après l’alinéa 34, insérer l’alinéa suivant : « Art. L. 113‑8. – Le matériel informatique proposé à la vente avec des logiciels intégrés constitue une vente par lots. Tout professionnel vendeur de matériel informatique fournissant des logiciels intégrés doit, avant tout paiement du prix par le consommateur, l’informer par voie d’affichage des caractéristiques essentielles et du prix public toutes taxes comprises du lot ainsi que du prix de chacun des logiciels composant individuellement le lot. L’indication de ces prix doit figurer sur la facture remise au consommateur. ».	L113-8 (2014-06-14) Les transporteurs aériens et les personnes physiques ou morales commercialisant des titres de transport aérien remboursent les taxes et redevances individualisées et affichées comme telles dans le prix du titre qu'ils ont vendu, dont l'exigibilité procède de l'embarquement effectif du passager, lorsque le titre n'est p […]		juste		sonnet-A	sonnet-B		Le dispositif insère un alinéa créant explicitement « Art. L. 113-8 » dans le code de la consommation.	Le dispositif insère et rédige entièrement l'article L. 113-8, qu'il crée ex nihilo dans le texte de l'amendement.		2026-09-24
juste	0126e9f07c321181	senat	70267	Rejeté	M. LE CAM	L311-5	complété	JORFDOLE000027383756	art. add. après Article 18	Après l’article 18 Insérer un article additionnel ainsi rédigé : L’article L. 311‑5 du code de la consommation est complété par un alinéa ainsi rédigé : « Le démarchage à domicile, le démarchage à distance et le démarchage itinérant des crédits sont prohibés. »	"L311-5 (1993-07-27) Est interdite, hors des lieux de vente, toute publicité : 1° Comportant la mention ""crédit gratuit"" ou proposant un avantage équivalent ou concernant la prise en charge totale ou partielle des frais de crédit par le vendeur ; 2° Portant sur une opération de financement proposée pour l'acquisition ou la location avec op […]"	//www.senat.fr/amendements/2012-2013/810/Amdt_477.html	juste		sonnet-A	sonnet-B		Le dispositif complète explicitement l'article L. 311-5 du code de la consommation par un alinéa.	Le dispositif complète expressément l'article L. 311-5 du code de la consommation par un nouvel alinéa interdisant le démarchage des crédits.		2026-09-24
juste	012af71064809fd7	senat	77348	Retiré	Mme SCHILLINGER	L312-8	inséré	JORFDOLE000029883713	art. add. après Article 25 decies	Après l’article 25 decies Insérer un article additionnel ainsi rédigé : Le code de la consommation est ainsi modifié : 1° Après le 4° bis de l’article L. 312‑8, il est inséré un 4° ter ainsi rédigé : « 4° ter Mentionne que l’emprunteur peut souscrire auprès de la société de financement de son choix une caution solidaire dans les conditions fixées à l’article L. 312‑9-1; » 2° Après l’article L. 312‑9, il est inséré un article L. 312‑9‑1 ainsi rédigé : « Art. L. 312‑9‑1. – Lorsque le prêteur propose à l’emprunteur un contrat de cautionnement en vue de se substituer à l’emprunteur dans le paiemen […]	L312-8 (1993-07-27) L'offre définie à l'article précédent : 1° Mentionne l'identité des parties, et éventuellement des cautions déclarées ; 2° Précise la nature, l'objet, les modalités du prêt, notamment celles qui sont relatives aux dates et conditions de mise à disposition des fonds ainsi qu'à l'échéancier des amortissements ; 3° Indiqu […]	//www.senat.fr/amendements/2014-2015/371/Amdt_385.html	juste		sonnet-A	sonnet-B		Le dispositif insère un 4° ter après le 4° bis de l'article L. 312-8, modifiant directement son contenu ; l'article L. 312-9 n'y sert que d'ancre pour créer L. 312-9-1.	Le 1° du dispositif insère un 4° ter dans l'article L. 312-8, ce qui le modifie bien ; le 2° crée par ailleurs un article distinct, L. 312-9-1, sans incidence sur ce constat.		2026-09-24
juste	025829ef3056b78e	assemblee	17111	Adopté	M. Razzy Hammadi	L121-34	rédigé	JORFDOLE000027383756	ART. 5	I. - Supprimer les alinéas 70 à 77 et l’alinéa 129 ; II. – A l’alinéa 78, remplacer la référence « L. 121-20-2 » par la référence « L. 121-20-1 » ; III. – A l’alinéa 79, remplacer la référence « L. 121-20-3 » par la référence « L. 121-20-2 » ; IV. - Compléter l’article 5 par les alinéas suivants : « III. – La section 4 du même chapitre Ier est ainsi rédigé : « Section 4 « Régime d’opposition au démarchage téléphonique « Art. L. 121-34. – Le consommateur qui ne souhaite pas faire l’objet de prospection commerciale par voie téléphonique peut gratuitement s’inscrire sur une liste d’opposition au  […]	L121-34 (1993-07-27) Les règles relatives aux ventes directes aux consommateurs ainsi qu'à la commercialisation des productions déclassées sont fixées par l'article 39 de la loi n° 73-1193 du 27 décembre 1973 d'orientation du commerce et de l'artisanat reproduit ci-après : Les ventes directes aux consommateurs et la commercialisation des p […]		juste		sonnet-A	sonnet-B		Le dispositif réécrit la section 4 du chapitre et crée explicitement « Art. L. 121-34 ».	Le IV du dispositif rédige entièrement la section 4 et crée l'article L. 121-34 (ainsi qu'un L. 121-34-1 distinct).		2026-09-24
juste	0317a161fcf46e0a	senat	86968	Rejeté	M. SUEUR	L223-1	modifié	JORFDOLE000037775649	Article 5 (Supprimé)	Rétablir cet article dans la rédaction suivante : L’article L. 223‑1 du code de la consommation est ainsi modifié : 1° À la fin du second alinéa, les mots : « sauf en cas de relations contractuelles préexistantes » sont remplacés par les mots : « à l’exception des sollicitations ayant un lien direct avec l’objet d’un contrat en cours » ; 2° (Supprimé)	L223-1 (2016-07-01) Le consommateur qui ne souhaite pas faire l'objet de prospection commerciale par voie téléphonique peut gratuitement s'inscrire sur une liste d'opposition au démarchage téléphonique. Il est interdit à un professionnel, directement ou par l'intermédiaire d'un tiers agissant pour son compte, de démarcher téléphoniquement […]	//www.senat.fr/amendements/2018-2019/311/Amdt_32.html	juste		sonnet-A	sonnet-B		Le dispositif modifie explicitement l'article L. 223-1 (remplacement de mots au second alinéa).	Le dispositif modifie explicitement le second alinéa de l'article L. 223-1 du code de la consommation.		2026-09-24
juste	046410816381a11c	assemblee	14024	Rejeté	M. Nicolas Sansu	L312-8	rédigé	JORFDOLE000026795365	ART. 18	Après l’alinéa 20, insérer les deux alinéas suivants : « 4° bis A Le 4° de l’article L. 312‑8 est ainsi rédigé : « 4° Énonce les assurances et, en donnant une évaluation de leur coût, les stipulations et les sûretés réelles ou personnelles exigées, qui conditionnent la conclusion du prêt ; » ;» .	L312-8 (1993-07-27) L'offre définie à l'article précédent : 1° Mentionne l'identité des parties, et éventuellement des cautions déclarées ; 2° Précise la nature, l'objet, les modalités du prêt, notamment celles qui sont relatives aux dates et conditions de mise à disposition des fonds ainsi qu'à l'échéancier des amortissements ; 3° Indiqu […]		juste		sonnet-A	sonnet-B		Le dispositif réécrit explicitement le 4° de l'article L. 312-8.	Le dispositif réécrit le 4° de l'article L. 312-8 du code de la consommation.		2026-09-24
juste	04f14f94af035c74	senat	70480	Adopté	M. Martial BOURQUIN	L121-36	rédigé	JORFDOLE000027383756	Article 72 quater	Alinéas 8 à 11 Remplacer ces alinéas par six alinéas ainsi rédigés : I bis. – Les articles L. 121-36 et L. 121-37 du code de la consommation sont ainsi rédigés : « Art. L. 121-36. - Les pratiques commerciales, mises en œuvre par les professionnels sous la forme d'opérations promotionnelles, tendant à faire naître l'espérance d'un gain attribué à chacun des participants, quelles que soient les modalités de tirage au sort ou d'intervention d’un élément aléatoire, et pour lesquelles la participation des consommateurs est conditionnée à une obligation d’achat, ne sont illicites que dans la mesure  […]	L121-36 (1993-07-27) Les opérations publicitaires réalisées par voie d'écrit qui tendent à faire naître l'espérance d'un gain attribué à chacun des participants, quelles que soient les modalités de tirage au sort, ne peuvent être pratiquées que si elles n'imposent aux participants aucune contrepartie financière ni dépense sous quelque form […]	//www.senat.fr/amendements/2012-2013/810/Amdt_691.html	juste		sonnet-A	sonnet-B		Le dispositif réécrit explicitement les articles L. 121-36 et L. 121-37, dont le texte cité de L. 121-36.	Le dispositif réécrit entièrement l'article L. 121-36 (et, dans la foulée, L. 121-37) du code de la consommation.		2026-09-24
juste	06f7934835446aff	assemblee	16768	Rejeté	M. Lionel Tardy	L111-3	rédigé	JORFDOLE000027383756	ART. 4	Rédiger ainsi les alinéas 12 et 13 : « Art. L. 111-3. - Le fabricant ou l’importateur de biens meubles doit informer le vendeur professionnel des coordonnées des réparateurs professionnels agréés par le fabricant assurant la distribution de pièces détachées indispensables à l’utilisation des biens. Lors de l’achat du bien, le vendeur met à disposition du consommateur les coordonnées d’au moins un réparateur professionnel agréé par le fabricant. « Le fabricant ou l’importateur de biens meubles doit informer les réparateurs professionnels visés au précédent alinéa des modalités selon lesquelles  […]	L111-3 (1993-07-27) Les dispositions des deux articles précédents s'appliquent sans préjudice des dispositions plus favorables aux consommateurs qui soumettent certaines activités à des règles particulières en ce qui concerne l'information du consommateur.		juste		sonnet-A	sonnet-B		Le dispositif réécrit les alinéas correspondants et donne le texte intégral de « Art. L. 111-3 ».	Le dispositif rédige entièrement l'article L. 111-3 du code de la consommation ; l'amendement ayant été rejeté, le texte actuel de L. 111-3 ne correspond pas à cette rédaction, ce qui ne change rien à ce que vise le dispositif.		2026-09-24
juste	076850405e73b895	senat	78586	Rejeté	LE GOUVERNEMENT	L141-1	complété	JORFDOLE000029883713	Article 17 ter	Alinéa 6 Rétablir le II dans la rédaction suivante : II. – Le III de l’article L. 141‑1 du code de la consommation est complété par un 17° ainsi rédigé : « 17° Du deuxième alinéa de l’article 15 de l’ordonnance du 10 septembre 1817 qui réunit, sous la dénomination d’Ordre des avocats au Conseil d’État et à la Cour de cassation, l’ordre des avocats aux conseils et le collège des avocats à la Cour de cassation, fixe irrévocablement, le nombre des titulaires, et contient des dispositions pour la discipline intérieure de l’Ordre, dans le respect du secret professionnel qui, en toutes matières, que […]	L141-1 (1993-07-27) I. - Sont constatées et poursuivies dans les conditions fixées par les articles 45, premier et troisième alinéa, 46, 47 et 52 de l'ordonnance n° 86-1243 du 1er décembre 1986 relative à la liberté des prix et de la concurrence, reproduits au paragraphe IV ci-après, les infractions aux dispositions prévues au présent cod […]	//www.senat.fr/amendements/2014-2015/371/Amdt_1626.html	juste		sonnet-A	sonnet-B		Le dispositif complète explicitement le III de l'article L. 141-1 par un 17°.	Le dispositif complète le III de l'article L. 141-1 du code de la consommation par un 17°.		2026-09-24
juste	0a9bb11e48ae0e75	senat	90541	Retiré	M. LUREL	L441-2	complété	JORFDOLE000043113774	art. add. après Article 13	Après l’article 13 Insérer un article additionnel ainsi rédigé : L’article L. 441‑2 du code de la consommation est complété par un alinéa ainsi rédigé : « Ces techniques peuvent notamment inclure l’introduction volontaire d’une défectuosité, d’une fragilité, d’un arrêt programmé ou prématuré, d’une limitation technique, d’une impossibilité de réparer ou d’une non compatibilité. »	L441-2 (2016-07-01) Est interdite la pratique de l'obsolescence programmée qui se définit par le recours à des techniques par lesquelles le responsable de la mise sur le marché d'un produit vise à en réduire délibérément la durée de vie pour en augmenter le taux de remplacement.	//www.senat.fr/amendements/2020-2021/667/Amdt_1634.html	juste		sonnet-A	sonnet-B		Le dispositif complète explicitement l'article L. 441-2 par un alinéa.	Le dispositif complète expressément l'article L. 441-2 du code de la consommation par un alinéa sur l'obsolescence programmée.		2026-09-24
juste	0ae5be8f03a87cbc	assemblee	13705	Adopté	M. Philippe Kemel	L330-1	rédigé	JORFDOLE000026795365	ART. 22	Après l'alinéa 12, insérer les treize alinéas suivants : « 5° L'avant-dernier alinéa de l’article L. 330‑1 est ainsi rédigé : « À l’occasion des recours exercés devant lui en application des articles L. 331‑4, L. 331‑7 et L. 332‑2, le juge du tribunal d’instance peut avec l’accord du débiteur, décider l’ouverture d’une procédure de rétablissement personnel avec liquidation judiciaire. Lorsqu’il statue en application des articles L. 331‑7 et L. 332‑2, il peut en outre prononcer un redressement personnel sans liquidation judiciaire. » ; « 6° Au dernier alinéa de l’article L. 331‑3, les mots : «  […]	L330-1 (2003-08-02) La situation de surendettement des personnes physiques est caractérisée par l'impossibilité manifeste pour le débiteur de bonne foi de faire face à l'ensemble de ses dettes non professionnelles exigibles et à échoir ainsi qu'à l'engagement qu'il a donné de cautionner ou d'acquitter solidairement la dette d'un entrepren […]		juste		sonnet-A	sonnet-B		Le dispositif réécrit explicitement l'avant-dernier alinéa de l'article L. 330-1.	Le 5° du dispositif rédige l'avant-dernier alinéa de l'article L. 330-1 ; les points suivants modifient d'autres articles, sans affecter ce constat.		2026-09-24
juste	0c0ebcfa477abd48	assemblee	16645	Rejeté	M. Damien Abad	L423-3	rédigé	JORFDOLE000027383756	ART. PREMIER	Substituer aux alinéas 13 à 26 les neuf alinéas suivants : « De la compétence, de la mise en état et du jugement sur la responsabilité « Art. L. 423‑3. – L’affaire est instruite sous le contrôle d’un juge de la mise en état de la chambre à laquelle l’affaire est distribuée, lequel dispose des pouvoirs qui lui sont conférés par les articles 763 à 770 du code de procédure civile. Le juge de la mise en état ainsi désigné est seul compétent, à l’exclusion de toute autre formation du tribunal, pour : « - statuer sur les exceptions de procédure et les incidents mettant fin à l’instance, la recevabil […]	L423-3 (2014-03-19) Dans la même décision, le juge constate que les conditions de recevabilité mentionnées à l'article L. 423-1 sont réunies et statue sur la responsabilité du professionnel, au vu des cas individuels présentés par l'association requérante. Il définit le groupe des consommateurs à l'égard desquels la responsabilité du prof […]		juste		sonnet-A	sonnet-B		Le dispositif substitue aux alinéas existants un texte créant explicitement « Art. L. 423-3 ».	Le dispositif rédige entièrement l'article L. 423-3 du code de la consommation, malgré la référence incidente au code de procédure civile pour les pouvoirs du juge de la mise en état.		2026-09-24
juste	0c6d45a3c19ef46e	senat	70270	Rejeté	M. LE CAM	L312-9	complété	JORFDOLE000027383756	art. add. après Article 19 octies	Après l’article 19 octies Insérer un article additionnel ainsi rédigé : L’article L. 312-9 du code de la consommation est complété par un alinéa ainsi rédigé : « Un refus abusif ou dilatoire d’une demande d’assurance déléguée, ou le non respect du délai mentionné ci-dessus pour la réémission de l’offre de prêt expose le prêteur au maintien de l’assurance initialement proposée par le prêteur avec une prime d’assurance entièrement prise en charge par le prêteur. »	L312-9 (1993-07-27) Lorsque le prêteur offre à l'emprunteur ou exige de lui l'adhésion à un contrat d'assurance collective qu'il a souscrit en vue de garantir en cas de survenance d'un des risques que ce contrat définit, soit le remboursement total ou partiel du montant du prêt restant dû, soit le paiement de tout ou partie des échéances  […]	//www.senat.fr/amendements/2012-2013/810/Amdt_480.html	juste		sonnet-A	sonnet-B		Le dispositif complète explicitement l'article L. 312-9 par un alinéa.	Le dispositif complète expressément l'article L. 312-9 du code de la consommation.		2026-09-24
juste	0cb78a19b3d32189	senat	70453	Adopté	LE GOUVERNEMENT	L121-35	rédigé	JORFDOLE000027383756	art. add. après Article 13	Après l'article 13 Insérer un article additionnel ainsi rédigé : L’article L. 121-35 du code de la consommation est ainsi rédigé : « Art. L. 121-35 - Est interdite toute vente ou offre de vente de produits ou de biens ou toute prestation ou offre de prestation de services faite aux consommateurs et donnant droit, à titre gratuit, immédiatement ou à terme, à une prime consistant en produits, biens ou services, dès lors que la pratique en cause revêt un caractère déloyal au sens de l'article L. 120-1. « Dans le cas où ces primes sont constituées d’objets distribués dans le but de satisfaire à de […]	L121-35 (1993-07-27) Est interdite toute vente ou offre de vente de produits ou de biens ou toute prestation ou offre de prestation de services faites aux consommateurs et donnant droit, à titre gratuit, immédiatement ou à terme, à une prime consistant en produits, biens ou services sauf s'ils sont identiques à ceux qui font l'objet de la  […]	//www.senat.fr/amendements/2012-2013/810/Amdt_664.html	juste		sonnet-A	sonnet-B		Le dispositif réécrit explicitement l'article L. 121-35 (« Art. L. 121-35 - … »).	Le dispositif réécrit entièrement l'article L. 121-35 du code de la consommation ; les renvois à d'autres codes ne sont que des citations internes au texte nouveau.		2026-09-24
juste	0d44f59b09b14c19	assemblee	15104	Rejeté	M. Thierry Benoit	L311-17	rédigé	JORFDOLE000027383756	ART. 19 TER	Rédiger ainsi cet article : « L’article L. 311‑17 du code de la consommation est ainsi rédigé : « Art. L. 311‑17. – Aucun crédit renouvelable ne peut être associé à une carte ouvrant droit à des avantages commerciaux et promotionnels ou à une carte de paiement. ».	L311-17 (1993-07-27) Tant que l'opération n'est pas définitivement conclue, aucun paiement, sous quelque forme et à quelque titre que ce soit, ne peut être fait par le prêteur à l'emprunteur ou pour le compte de celui-ci, ni par l'emprunteur au prêteur. Pendant ce même délai, l'emprunteur ne peut non plus faire, au titre de l'opération en  […]		juste		sonnet-A	sonnet-B		Le dispositif réécrit explicitement l'article L. 311-17 (« Art. L. 311-17. – … »).	Le dispositif réécrit entièrement l'article L. 311-17 du code de la consommation.		2026-09-24
juste	0d5cb2beb1c067dd	senat	86990	Rejeté	M. BONHOMME	L223-1	rédigé	JORFDOLE000037775649	Article 5	Rédiger ainsi cet article : Après le mot : « liste », la fin du second alinéa de l’article L. 223‑1 du code de la consommation est ainsi rédigée : «, à l’exception des sollicitations ayant un lien direct avec l’objet d’un contrat en cours ».	L223-1 (2016-07-01) Le consommateur qui ne souhaite pas faire l'objet de prospection commerciale par voie téléphonique peut gratuitement s'inscrire sur une liste d'opposition au démarchage téléphonique. Il est interdit à un professionnel, directement ou par l'intermédiaire d'un tiers agissant pour son compte, de démarcher téléphoniquement […]	//www.senat.fr/amendements/2019-2020/464/Amdt_16.html	juste		sonnet-A	sonnet-B		Le dispositif modifie explicitement la fin du second alinéa de l'article L. 223-1.	Le dispositif modifie la fin du second alinéa de l'article L. 223-1 du code de la consommation.		2026-09-24
juste	0f485eab84724b39	assemblee	42399	Rejeté	Mme Mathilde Paris	L132-2	modifié	JORFDOLE000046027237	ART. 9	Après l’alinéa 1, insérer les trois alinéas suivants : « 1° A L’article L. 132‑2 est ainsi modifié : « a) Au premier alinéa, le montant : « 300 000 euros » est remplacé par le montant : « 600 000 euros » ; « b) À la première phrase du second alinéa, le taux : « 10 % » est remplacé par le taux : « 15 % » et le taux : « 50 % » est remplacé par le taux : « 75 % ».	L132-2 (2016-07-01) Les pratiques commerciales trompeuses mentionnées aux articles L. 121-2 à L. 121-4 sont punies d'un emprisonnement de deux ans et d'une amende de 300 000 euros. Le montant de l'amende peut être porté, de manière proportionnée aux avantages tirés du délit, à 10 % du chiffre d'affaires moyen annuel, calculé sur les trois […]		juste		sonnet-A	sonnet-B		Le dispositif modifie explicitement l'article L. 132-2 (montants et taux remplacés aux a) et b)).	Le dispositif modifie les montants et taux de l'article L. 132-2 du code de la consommation.		2026-09-24
juste	1054611b595baeea	senat	83151	Rejeté	M. LUCHE	L412-4	complété	JORFDOLE000036562265	art. add. après Article 11 decies	Après l’article 11 decies Insérer un article additionnel ainsi rédigé : L’article L. 412‑4 du code de la consommation est complété par un alinéa ainsi rédigé : « Pour les produits agricoles et alimentaires et les produits de la mer à l’état transformé, le lieu de production des matières premières principales utilisées est indiqué sur l’étiquette. »	L412-4 (2016-07-01) Sans préjudice des dispositions spécifiques relatives au mode d'indication de l'origine des denrées alimentaires, l'indication du pays d'origine est obligatoire pour les produits agricoles et alimentaires et les produits de la mer, à l'état brut ou transformé. La liste des produits concernés et les modalités d'applicat […]	//www.senat.fr/amendements/2017-2018/571/Amdt_334.html	juste		sonnet-A	sonnet-B		Le dispositif complète explicitement l'article L. 412-4 par un alinéa.	Le dispositif complète expressément l'article L. 412-4 du code de la consommation par un alinéa sur l'origine des matières premières.		2026-09-24
juste	1148695939acdf73	senat	69376	Retiré	M. DALLIER	L312-8	rédigé	JORFDOLE000026795365	Article 18	I. – Après l’alinéa 18 Insérer deux alinéas ainsi rédigés : …° Le 4° de l’article L. 312-8 est ainsi rédigé : « 4° Énonce les assurances et, en donnant une évaluation de leur coût, les stipulations et les sûretés réelles ou personnelles exigées, qui conditionnent la conclusion du prêt ; II. – Après l’alinéa 28 Insérer un alinéa ainsi rédigé : …° Au premier alinéa de l’article L. 313-1, après le mot : « référence, », sont insérés les mots : « à l’exception du coût de l'assurance emprunteur, ».	L312-8 (1993-07-27) L'offre définie à l'article précédent : 1° Mentionne l'identité des parties, et éventuellement des cautions déclarées ; 2° Précise la nature, l'objet, les modalités du prêt, notamment celles qui sont relatives aux dates et conditions de mise à disposition des fonds ainsi qu'à l'échéancier des amortissements ; 3° Indiqu […]	//www.senat.fr/amendements/2012-2013/423/Amdt_31.html	juste		sonnet-A	sonnet-B		Le dispositif réécrit explicitement le 4° de l'article L. 312-8 ; le II modifie L. 313-1, hors de la colonne article.	Le I du dispositif réécrit le 4° de l'article L. 312-8 ; le II modifie par ailleurs L. 313-1, sans affecter ce constat.		2026-09-24
juste	1178350a84660e12	senat	69590	Retiré	M. DESESSARD	L313-1	inséré	JORFDOLE000026795365	art. add. après Article 17 bis B	Après l'article 17 bis B Insérer un article additionnel ainsi rédigé : Après le premier alinéa de l'article L. 313-1 du code de la consommation, il est inséré un alinéa ainsi rédigé : « Dans le cadre d'un découvert autorisé, les frais de forçage prélevés par un établissement de crédit à l'occasion des opérations effectuées au-delà du découvert autorisé, au moyen d'une carte bancaire, sont inclus dans l'assiette du taux effectif global du crédit complémentaire. »	L313-1 (1993-07-27) Dans tous les cas, pour la détermination du taux effectif global du prêt, comme pour celle du taux effectif pris comme référence, sont ajoutés aux intérêts les frais, commissions ou rémunérations de toute nature, directs ou indirects, y compris ceux qui sont payés ou dus à des intermédiaires intervenus de quelque maniè […]	//www.senat.fr/amendements/2012-2013/423/Amdt_245.html	juste		sonnet-A	sonnet-B		Le dispositif insère explicitement un alinéa après le premier alinéa de l'article L. 313-1.	Le dispositif insère un nouvel alinéa après le premier alinéa de l'article L. 313-1 du code de la consommation.		2026-09-24
