verdict	cle	chambre	amendement	sort	auteur	article	cibles_de_l_article	vise	voie	texte	article_du_texte	subdivision	fenetre	dispositif	article_du_fonds	url	verdict_bis	verdict_ter	juge	juge_bis	juge_ter	commentaire	commentaire_bis	commentaire_ter	date_jugement
juste	00102fff5b0e3716	senat	570	Rejeté	Mme LAMURE	L421-2	3	sans visée	alinea	senat/leg-pjl12-810.html	28	Article 28	lication d'une clause dont le caractère abusif ressort des éléments du débat. » II. - L'article L. 421-2 du code de la consommation est ainsi modifié : 1° Le mot : « défenseur » est remplacé par le mo	Alinéas 3 à 8 Supprimer ces alinéas.	L421-2 (1993-07-27) — écrit par la loi du dossier, 2014-03-19 : Les associations de consommateurs mentionnées à l'article L. 421-1 et agissant dans les conditio […] ‖ avant, 1993-07-27 : Les associations de consommateurs mentionnées à l'article L. 421-1 et agissant dans les conditions précisées à cet article peuvent demander à la ju […]	//www.senat.fr/amendements/2012-2013/810/Amdt_570.html	juste		sonnet-juge-a	sonnet-juge-b		L'alinéa 3 ouvre l'instruction « L'article L. 421-2 est ainsi modifié », et les alinéas 4-6 supprimés en relèvent bien (l'instruction suivante, sur L. 421-6, ne commence qu'à l'alinéa 7).	Les alinéas 3 à 6 supprimés relèvent bien du « II. – L'article L. 421-2 ... est ainsi modifié » (1° et 2°) ; seuls 7-8 relèvent de L. 421-6, ce qui produit une seconde arête, pas une faute sur celle-ci.		2026-09-26
juste	00260b2c9da06e72	assemblee	565	Adopté	M. Razzy Hammadi	L121-23	37	sans visée	alinea	assemblee/14-projets-pl1015.asp	5	ART. 5	ée dans les conditions prévues à l’article L. 141-1-2. « Sous-section 8 « Sanctions pénales « Art. L. 121-23. – Toute infraction aux dispositions des articles L. 121-18-1 et L. 121-18-2 est punie d’un	À la deuxième phrase de l’alinéa 129, substituer aux mots : « du code pénal », les mots : « dudit code ».	L121-23 (1993-07-27) — écrit par la loi du dossier, 2014-06-14 : Toute infraction aux articles L. 121-18-1 et L. 121-18-2 est punie d'une peine d'emprisonnement […] ‖ avant, 1993-07-27 : Les opérations visées à l'article L. 121-21 doivent faire l'objet d'un contrat dont un exemplaire doit être remis au client au moment de la conclus […]		juste		sonnet-juge-a	sonnet-juge-b		L'alinéa 129 est dans le corps de « Art. L. 121-23. – Toute infraction… », seule instruction ouverte avant lui.	L'alinéa 129 est dans le corps même de « Art. L. 121-23. – Toute infraction... » ; la substitution porte sur cette phrase.		2026-09-26
juste	00714b489b371661	assemblee	311	Retiré	Mme Chantal Guittet	L121-18-2	37	sans visée	alinea	assemblee/14-ta-commission-r1156-a0.asp	5	ART. 5	accompagné du formulaire type de rétractation mentionné au 2° du I de l’article L. 121-17. « Art. L. 121-18-2. – Le professionnel ne peut recevoir aucun paiement ou aucune contrepartie, sous quelque f	Supprimer l’alinéa 49.	L121-18-2 (2014-06-14) — écrit par la loi du dossier, 2014-06-14 : Le professionnel ne peut recevoir aucun paiement ou aucune contrepartie, sous quelque forme que ce soit, de la part du consommateur avant l'expiration d'un délai de sept jours à compter de la conclusion du contrat hors établissement. Toutefois, ne sont  […]		juste		sonnet-juge-a	sonnet-juge-b		L'alinéa 49 (« 3° Les contrats conclus au cours de réunions… ») suit directement la tête « Art. L. 121-18-2. – ».	L'alinéa 49 supprimé est le 3° de « Art. L. 121-18-2. – Le professionnel ne peut recevoir... ».		2026-09-26
juste	00741bec19c65ba8	assemblee	11	Retiré	M. Marc Le Fur	L121-20	37	sans visée	alinea	assemblee/14-ta-commission-r1156-a0.asp	5	ART. 5	cas de force majeure. « Sous-section 5 « Démarchage téléphonique et prospection commerciale « Art. L. 121-20. – Sans préjudice de l’article L. 121-19-1, le professionnel qui contacte un consommateur p	Après l’alinéa 66, insérer l’alinéa suivant : « Le démarchage téléphonique, pour toute mise en relation avec une personne ou un serveur vocal, ne peut être effectué qu’au moyen d’un numéro identifiable. ».	L121-20 (1993-07-27) — écrit par la loi du dossier, 2014-06-14 : Sans préjudice de l'article L. 121-19-1, le professionnel qui contacte un consommateur par télé […] ‖ avant, 2005-12-01 : Le consommateur dispose d'un délai de sept jours francs pour exercer son droit de rétractation sans avoir à justifier de motifs ni à payer de pénal […]		juste		sonnet-juge-a	sonnet-juge-b		L'alinéa 66 est la tête même « Art. L. 121-20. – Sans préjudice… », et l'alinéa inséré après lui reste une simple phrase, non une instruction nouvelle.	L'insertion après l'alinéa 66 (« Art. L. 121-20. – ... ») ne porte aucune tête d'instruction propre (pas de verbe modificatif + article nommé) ; elle prolonge l'article L. 121-20 en cours d'écriture.		2026-09-26
juste	00ef805cbf620c3b	assemblee	578	Adopté	M. Razzy Hammadi	L211-7	4	sans visée	alinea	assemblee/14-projets-pl1015.asp	7	ART. 7	xistence d’une garantie contractuelle et d’un service après-vente. » Article 7 I. – À l’article L. 211-7 du même code, le mot : « six » est remplacé par le mot : « douze ». II. – L’article L. 211-15 d	Au début de l’alinéa 1, substituer au mot : « À », les mots : « Au premier alinéa de ».	L211-7 (2005-02-18) — écrit par la loi du dossier, 2016-03-18 : Les défauts de conformité qui apparaissent dans un délai de vingt-quatre mois à partir de la dél […] ‖ avant, 2005-02-18 : Les défauts de conformité qui apparaissent dans un délai de six mois à partir de la délivrance du bien sont présumés exister au moment de la délivr […]		juste		sonnet-juge-a	sonnet-juge-b		L'alinéa 1 de l'article 7 est l'unique instruction « À l'article L. 211-7…, le mot… est remplacé ».	L'alinéa 1 est lui-même « I. – À l'article L. 211-7 du même code, le mot : « six » est remplacé... » ; l'amendement en réécrit l'ouverture sans changer la cible.		2026-09-26
juste	015849d4010e50ee	senat	40	Rejeté	M. MICHAU	L223-8	13	sans visée	alinea	senat/leg-ppl24-469.html	3	Article 3	ainsi rédigé :  « Chapitre III bis  « Autres modes de prospection commerciale  « Art. L. 223-8. – Toute prospection commerciale de consommateurs par des professionnels par message proven	Alinéa 26 Après le mot: professionnels insérer les mots : réalisée physiquement au domicile du consommateur,	L223-8 (2025-07-02) — écrit par la loi du dossier, 2025-07-02 : La prospection commerciale de consommateurs par des professionnels par message sur un service de communications interpersonnelles, par courrier électronique ou sur un service de réseaux sociaux en ligne ayant pour objet l'offre de prestations de services,  […]	//www.senat.fr/amendements/2024-2025/469/Amdt_40.html	juste		sonnet-juge-a	sonnet-juge-b		L'alinéa 26 est la tête « Art. L. 223-8. – Toute prospection… par des professionnels… », et le mot « professionnels » que le dispositif cible y figure.	Pastille 26 du texte ppl24-469 (compte déclaré) tombe exactement sur « Art. L. 223-8. – Toute prospection commerciale... ».		2026-09-26
juste	0186190b6b55d2ff	assemblee	428	Rejeté	M. Damien Abad	L423-1	17	sans visée	alinea	assemblee/14-ta-commission-r1156-a0.asp	1er	ART. PREMIER	tion de groupe « Section 1 « Champ d’application de l’action de groupe et qualité pour agir « Art. L. 423-1. – Une association de défense des consommateurs représentative au niveau national et agréée	À l’alinéa 9, substituer aux mots : « des consommateurs et résultant d’une des causes mentionnées aux 1° et 2° » les : « matériel des consommateurs, à l’exclusion d’une atteinte à la personne et résultant d’une des causes mentionnées ci-dessus, »	L423-1 (2014-03-19) — écrit par la loi du dossier, 2014-03-19 : Une association de défense des consommateurs représentative au niveau national et agréée en application de l'article L. 411-1 peut agir devant une juridiction civile afin d'obtenir la réparation des préjudices individuels subis par des consommateurs placés […]		juste		sonnet-juge-a	sonnet-juge-b		L'alinéa 9 (« des consommateurs et résultant d'une des causes… ») est sous la tête « Art. L. 423-1. – Une association… ».	L'alinéa 9 est une phrase de « Art. L. 423-1. – Une association de défense des consommateurs... » ; la substitution de mots s'y fait sans changer d'instruction.		2026-09-26
juste	019488413beddc92	senat	451	Rejeté	M. LE CAM	L111-1	7	sans visée	alinea	senat/leg-pjl12-810.html	4	Article 4	ion est ainsi rédigé : « CHAPITRE I ER « Obligation générale d'information précontractuelle « Art. L. 111-1. - (Non modifié) Avant que le consommateur ne soit lié par un contrat de vente de biens ou	Alinéa 9 Compléter cet alinéa par les mots : , et mentionnent obligatoirement un numéro de téléphone, non surtaxé, afin de renseigner les consommateurs sur leur droit à bénéficier des tarifs sociaux de première nécessité pour l’eau, l’électricité et le gaz	L111-1 (1993-07-27) — écrit par la loi du dossier, 2014-06-14 : Avant que le consommateur ne soit lié par un contrat de vente de biens ou de fourniture de servi […] ‖ avant, 2010-07-25 : I. - Tout professionnel vendeur de biens doit, avant la conclusion du contrat, mettre le consommateur en mesure de connaître les caractéristiques e […]	//www.senat.fr/amendements/2012-2013/810/Amdt_451.html	juste		sonnet-juge-a	sonnet-juge-b		L'alinéa 9 (« Le présent article s'applique également aux contrats… eau, gaz, électricité ») relève de « Art. L. 111-1. – ».	L'alinéa 9 complète la phrase sur les contrats d'eau/gaz/électricité de « Art. L. 111-1. - (Non modifié) ... ».		2026-09-26
juste	0199068d696b4250	assemblee	68	Non soutenu	M. Jean-Louis Christ	L121-18-2	37	sans visée	alinea	assemblee/14-ta-commission-r1156-a0.asp	5	ART. 5	accompagné du formulaire type de rétractation mentionné au 2° du I de l’article L. 121-17. « Art. L. 121-18-2. – Le professionnel ne peut recevoir aucun paiement ou aucune contrepartie, sous quelque f	Après l’alinéa 51, insérer l’alinéa suivant : « Dans les conditions d’exécution des contrats proposés dans le cadre d’un démarchage à domicile, la durée de la prestation doit être limitée à une année maximum, renouvelable par tacite reconduction. ».	L121-18-2 (2014-06-14) — écrit par la loi du dossier, 2014-06-14 : Le professionnel ne peut recevoir aucun paiement ou aucune contrepartie, sous quelque forme que ce soit, de la part du consommateur avant l'expiration d'un délai de sept jours à compter de la conclusion du contrat hors établissement. Toutefois, ne sont  […]		juste		sonnet-juge-a	sonnet-juge-b		L'alinéa inséré après le 51 est une phrase ordinaire, non une instruction nouvelle ; l'alinéa 51 lui-même est sous « Art. L. 121-18-2. – ».	L'insertion après l'alinéa 51 (dans le bloc de « Art. L. 121-18-2. – ... ») ne nomme ni ne modifie un autre article ; elle prolonge L. 121-18-2.		2026-09-26
faux	01b4e61d482854a7	assemblee	506	Rejeté	M. Daniel Fasquelle	L121-33	46	sans visée	alinea	assemblee/14-ta-commission-r1574-a0.asp	5	ART. 5	imé) » II. – (Non modifié) La section 3 du même chapitre Ier comprend les articles L. 121-26 à L. 121-33 et est ainsi modifiée : 1° Son intitulé est ainsi rédigé : « Dispositions particulières aux co	Après l'alinéa 142, insérer les quinze alinéas suivants : « I bis. – Après la section 2 du chapitre Ier du titre II du livre Ier du code de la consommation, est insérée une section 2 bis ainsi rédigée : « Section 2 bis « Avis en ligne de consommateurs « Art. L. 121‑25‑1. – La présente section s’applique aux gestionnaires d’avis en ligne. « Est considérée comme gestionnaire d’avis en ligne toute entité qui assure le t […]	L121-33 (1993-07-27) — en vigueur à la loi du dossier, 1994-06-04 : Il est interdit de se rendre au domicile d'une personne physique, à sa résidence ou à son lieu de travail pour proposer la vente, la location ou la location-vente de documents ou matériels quelconques tendant à répondre aux mêmes besoins que des presta […]		faux		sonnet-juge-a	sonnet-juge-b		Le « I bis » inséré après l'alinéa 142 crée une section 2 bis et l'article L. 121-25-1 (avis en ligne), sans rapport avec L. 121-33 (démarchage à domicile) que la tête précédente (« La section 3… comprend les articles L. 121-26 à L. 121-33… ») nommait seulement en passant.	L'alinéa 142 annonce la modification des articles L. 121-26 à L. 121-33 (contrats de vente à domicile, L. 121-33 fonds : interdiction de démarchage à domicile), mais l'insertion crée une section 2 bis et un article L. 121-25-1 sur les avis en ligne, sans rapport de contenu avec L. 121-33.		2026-09-26
juste	01b9e4753e81d160	senat	561	Adopté	Mme LAMURE	L111-3	7	sans visée	alinea	senat/leg-pjl12-810.html	4	Article 4	de prévoyance et unions régies par le titre III du livre IX du code de la sécurité sociale. « Art. L. 111-3. - Le fabricant ou l'importateur de biens meubles informe le vendeur professionnel de la da	Alinéa 13 Après le mot : professionnels insérer les mots : ou aux réparateurs agréés	L111-3 (1993-07-27) — écrit par la loi du dossier, 2014-06-14 : Le fabricant ou l'importateur de biens meubles informe le vendeur professionnel de la période pe […] ‖ avant, 2010-07-25 : Les articles L. 111-1 et L. 111-2 s'appliquent sans préjudice des dispositions plus favorables aux consommateurs qui soumettent certaines activités […]	//www.senat.fr/amendements/2012-2013/810/Amdt_561.html	juste		sonnet-juge-a	sonnet-juge-b		L'alinéa 13 (« Dès lors qu'il a indiqué la date… fournit aux vendeurs professionnels ») relève de « Art. L. 111-3. – ».	L'alinéa 13 est une phrase de « Art. L. 111-3. - Le fabricant ou l'importateur... » ; l'insertion de mots s'y fait sans changer d'instruction.		2026-09-26
juste	01f201b56ecc6ed0	assemblee	153	Adopté	Mme Corinne Erhel	L111-5-1	1	sans visée	alinea	assemblee/14-projets-pl3318.asp	22	ART. 22	date de publication de la présente loi. Section 3 Loyauté des plateformes Article 22 L’article L. 111-5-1 du même code est ainsi modifié : 1° Le premier alinéa est remplacé par les dispositions suivan	Après l’alinéa 4, insérer l’alinéa suivant : « Les obligations prévues au deuxième alinéa du présent article sont également applicables aux relations entre les opérateurs de plateforme en ligne et les professionnels qui recourent aux services de ces plateformes pour l’exercice de leurs activités à titre principal ou accessoire. »	L111-5-1 (2015-08-08) — en vigueur à la loi du dossier, 2015-08-08 : Sans préjudice des obligations d'information prévues à l'article 19 de la loi n° 2004-575 du 21 juin 2004 pour la confiance dans l'économie numérique, toute personne dont l'activité consiste à mettre en relation, par voie électronique, plusieurs parti […]		juste		sonnet-juge-a	sonnet-juge-b		L'alinéa inséré après le 4 dit lui-même « du présent article », donc de L. 111-5-1, dont l'alinéa 4 fait déjà partie.	L'article 22 du texte ne porte qu'une seule instruction, sur L. 111-5-1 ; l'alinéa 4 et son insertion en relèvent nécessairement.		2026-09-26
juste	0219acbb4ae3eef8	assemblee	649	Adopté	M. Razzy Hammadi	L423-3	16	sans visée	alinea	assemblee/14-projets-pl1015.asp	1er	ART. PREMIER	alités fixées par décret en Conseil d’État. « Section 2 « Le jugement sur la responsabilité « Art. L. 423-3. – Le juge constate que les conditions mentionnées à l’article L. 423-1 sont réunies et sta	Au début de l’alinéa 13, avant les mots : « Le juge », insérer les mots : « Dans la même décision, ».	L423-3 (2014-03-19) — écrit par la loi du dossier, 2014-03-19 : Dans la même décision, le juge constate que les conditions de recevabilité mentionnées à l'article L. 423-1 sont réunies et statue sur la responsabilité du professionnel, au vu des cas individuels présentés par l'association requérante. Il définit le group […]		juste		sonnet-juge-a	sonnet-juge-b		L'alinéa 13 est la tête même « Art. L. 423-3. – Le juge constate… ».	L'alinéa 13 est l'ouverture même de « Art. L. 423-3. – Le juge constate... » ; l'insertion de mots au début ne change pas la cible.		2026-09-26
juste	023609a44cd62987	assemblee	812	Rejeté	Mme Annie Genevard	L423-21	17	sans visée	alinea	assemblee/14-ta-commission-r1156-a0.asp	1er	ART. PREMIER	ours ordinaire ou de pourvoi en cassation ou de l’homologation prévue à l’article L. 423-9. « Art. L. 423-13. – La décision prévue à l’article L. 423-3 et celle résultant de l’application de l’article	Après le mot : « groupe », rédiger ainsi la fin de l’alinéa 48 : « qui en ont demandé le bénéfice. ».	L423-21 (2014-03-19) — écrit par la loi du dossier, 2014-03-19 : Les décisions prévues aux articles L. 423-3 et L. 423-10 ainsi que celle résultant de l'application de l'article L. 423-16 ont également autorité de la chose jugée à l'égard de chacun des membres du groupe dont le préjudice a été réparé au terme de la pro […]		juste		sonnet-juge-a	sonnet-juge-b		L'alinéa 48 est la tête « Art. L. 423-13. – La décision prévue… à l'égard de chacun des membres du groupe… » ; le fonds (article_du_fonds L423-21) montre le même passage sous le numéro final, la loi ayant renuméroté L. 423-13 en L. 423-21.	Le texte nomme cet alinéa « Art. L. 423-13 », mais son contenu (« La décision prévue à l'article L. 423-3 ... autorité de la chose jugée à l'égard ... du groupe ») est celui que la loi du dossier a rangé sous L. 423-21, mot pour mot.		2026-09-26
juste	023e2d22886a97a5	assemblee	170	Retiré	M. Jean-Louis Roumégas	L423-1	13	sans visée	alinea	assemblee/14-projets-pl1357.asp	1er	ART. PREMIER	tion de groupe « Section 1 « Champ d’application de l’action de groupe et qualité pour agir « Art. L. 423-1. – Une association de défense des consommateurs représentative au niveau national et agréée	Supprimer l’alinéa 9.	L423-1 (2014-03-19) — écrit par la loi du dossier, 2014-03-19 : Une association de défense des consommateurs représentative au niveau national et agréée en application de l'article L. 411-1 peut agir devant une juridiction civile afin d'obtenir la réparation des préjudices individuels subis par des consommateurs placés […]		juste		sonnet-juge-a	sonnet-juge-b		L'alinéa 9 (« L'action de groupe ne peut porter que sur… ») est sous « Art. L. 423-1. – Une association… ».	L'alinéa 9 supprimé est une phrase de « Art. L. 423-1. – Une association de défense des consommateurs... ».		2026-09-26
juste	024e3c50ac95706a	senat	120 rect.	Rejeté	M. PLANCADE	L136-1	2	sans visée	alinea	senat/leg-pjl12-810.html	17 bis	Article 17 bis	du livre I er du code de la consommation est ainsi modifié : 1° Le premier alinéa de l'article L. 136-1 est ainsi modifié : a) Après le mot : « écrit », sont insérés les mots : « , par lettre nominat	Après l'alinéa 5 Insérer deux alinéas ainsi rédigés : …° Après le deuxième alinéa du même article, est ajouté un alinéa ainsi rédigé : Pour les contrats conclus avec un distributeur audiovisuel, le consommateur peut résilier le contrat reconduit tacitement, à partir du premier jour suivant la reconduction du contrat. La résiliation prend effet un mois après que le distributeur audiovisuel en a reçu la notification pa […]	L136-1 (2005-07-28) — écrit par la loi du dossier, 2014-03-19 : Le professionnel prestataire de services informe le consommateur par écrit, par lettre nominativ […] ‖ avant, 2008-01-05 : Le professionnel prestataire de services informe le consommateur par écrit, au plus tôt trois mois et au plus tard un mois avant le terme de la pér […]	//www.senat.fr/amendements/2012-2013/810/Amdt_120.html	juste		sonnet-juge-a	sonnet-juge-b		L'alinéa 5 (« Cette information… mentionne… la date limite de résiliation ») relève de « L'article L. 136-1… est ainsi modifié » ; l'insertion demandée dit elle-même « du même article ».	L'insertion après l'alinéa 5, qui renvoie explicitement « au même article » (L. 136-1, gouvernant l'alinéa 5), ne nomme aucun autre article et ne porte pas de verbe modificatif isolé.		2026-09-26
juste	027afdb65ae9ecb0	assemblee	408	Retiré	M. Thierry Benoit	L423-13	16	sans visée	alinea	assemblee/14-projets-pl1015.asp	1er	ART. PREMIER	ent sur toutes les demandes d’indemnisation auxquelles le professionnel n’a pas fait droit. « Art. L. 423-7. – L’association requérante représente les consommateurs qui n’ont pas été indemnisés par l	À l’alinéa 25, après le mot : « consommateurs », insérer les mots : « lésés membres du groupe ».	L423-13 (2014-03-19) — écrit par la loi du dossier, 2014-03-19 : L'association requérante représente les consommateurs membres du groupe qui n'ont pas été indemnisés par le professionnel dans les délais fixés, aux fins de l'exécution forcée du jugement mentionné au second alinéa de l'article L. 423-12.		juste		sonnet-juge-a	sonnet-juge-b		L'alinéa 25 est la tête « Art. L. 423-7. – L'association requérante représente les consommateurs… dans les délais fixés… » ; le fonds (article_du_fonds L423-13) porte ce même texte sous le numéro final, la loi ayant renuméroté L. 423-7 en L. 423-13.	Le texte nomme cet alinéa « Art. L. 423-7 », mais son contenu (« L'association requérante représente les consommateurs ... non indemnisés ... exécution forcée du jugement ») est celui que la loi du dossier a rangé sous L. 423-13.		2026-09-26
juste	02b90a626ccd5647	assemblee	768	Adopté	M. Frédéric Barbier	L111-1	7	sans visée	alinea	assemblee/14-ta-commission-r1156-a0.asp	4	ART. 4	code est ainsi rédigé : « Chapitre Ier « Obligation générale d’information précontractuelle « Art. L. 111-1. – Avant que le consommateur ne soit lié par un contrat de vente de biens ou de fourniture	À l’alinéa 8, après le mot : « activités, » insérer les mots : « pour autant qu’elles ne ressortent pas du contexte, ainsi que, s’il y a lieu, celles relatives ».	L111-1 (1993-07-27) — écrit par la loi du dossier, 2014-06-14 : Avant que le consommateur ne soit lié par un contrat de vente de biens ou de fourniture de servi […] ‖ avant, 2010-07-25 : I. - Tout professionnel vendeur de biens doit, avant la conclusion du contrat, mettre le consommateur en mesure de connaître les caractéristiques e […]		juste		sonnet-juge-a	sonnet-juge-b		L'alinéa 8 (« 4° Les informations relatives à son identité et à ses activités… ») relève de « Art. L. 111-1. – ».	L'alinéa 8 est le 4° de « Art. L. 111-1. – Avant que le consommateur ne soit lié... » ; l'insertion de mots s'y fait sans changer d'instruction.		2026-09-26
juste	02eadbf62455eedc	senat	381 rect.	Rejeté	Mme LÉTARD	L121-18-2	45	sans visée	alinea	senat/leg-pjl12-810.html	5	Article 5	accompagné du formulaire type de rétractation mentionné au 2° du I de l'article L. 121-17. « Art. L. 121-18-2. - (Non modifié) Le professionnel ne peut recevoir aucun paiement ou aucune contrepartie,	Alinéa 49 1° Après les mots : organisme agréé insérer les mots : ou déclaré 2° Remplacer les mots : fourniture de services mentionnés rédiger ainsi la fin de cet alinéa : à l’article L. 7231-1 du code du travail.	L121-18-2 (2014-06-14) — écrit par la loi du dossier, 2014-06-14 : Le professionnel ne peut recevoir aucun paiement ou aucune contrepartie, sous quelque forme que ce soit, de la part du consommateur avant l'expiration d'un délai de sept jours à compter de la conclusion du contrat hors établissement. Toutefois, ne sont  […]	//www.senat.fr/amendements/2012-2013/810/Amdt_381.html	juste		sonnet-juge-a	sonnet-juge-b		L'alinéa 49 (« 2° Les contrats à exécution successive… organisme agréé… ») relève de « Art. L. 121-18-2. – ».	L'alinéa 49 est le 2° de « Art. L. 121-18-2. - (Non modifié) Le professionnel ne peut recevoir... ».		2026-09-26
juste	030f82f3e58a6a44	senat	476	Rejeté	M. LE CAM	L311-8-1	1	sans visée	alinea	senat/leg-pjl12-810.html	18	Article 18	e traitement des situations de surendettement en cours à cette date. Article 18 I. - L'article L. 311-8-1 du même code est ainsi rédigé : « Art. L. 311-8-1. - Lorsqu'un consommateur se voit proposer,	Alinéa 2 Rédiger ainsi le début de cet alinéa : « Art. L. 311‑8‑1. – Lorsqu’un consommateur se voit proposer un contrat de crédit renouvelable pour un montant supérieur à un seuil fixé par décret,	L311-8-1 (2011-05-01) — en vigueur à la loi du dossier, 2011-05-01 : Lorsqu'un prêteur ou un intermédiaire de crédit propose au consommateur, sur le lieu de vente ou par un moyen de vente à distance, un contrat de crédit pour financer l'achat de biens ou de prestations de services particuliers pour un montant supérieur […]	//www.senat.fr/amendements/2012-2013/810/Amdt_476.html	juste		sonnet-juge-a	sonnet-juge-b		L'alinéa 2 est la tête même « Art. L. 311-8-1. – Lorsqu'un consommateur se voit proposer… ».	L'amendement réécrit lui-même le début de l'alinéa 2 en citant « Art. L. 311-8-1. – Lorsqu'un consommateur... », qui est exactement le texte lu à cet alinéa : la cible est confirmée par l'amendement lui-même.		2026-09-26
juste	039e6948fbe48133	assemblee	89	Rejeté	Mme Catherine Vautrin	L423-17	13	sans visée	alinea	assemblee/14-projets-pl1357.asp	1er	ART. PREMIER	« Modalités spécifiques à l’action de groupe intervenant dans le domaine de la concurrence « Art. L. 423-10. – Lorsque les manquements reprochés au professionnel portent sur le respect des règles déf	À l’alinéa 44, substituer à la première occurrence du mot : « prononcée », le mot : « engagée ».	L423-17 (2014-03-19) — écrit par la loi du dossier, 2014-03-19 : Lorsque les manquements reprochés au professionnel portent sur le respect des règles définies au titre II du livre IV du code de commerce ou des articles 101 et 102 du traité sur le fonctionnement de l'Union européenne, la responsabilité du professionnel  […]		juste		sonnet-juge-a	sonnet-juge-b		L'alinéa 44 est la tête « Art. L. 423-10. – Lorsque les manquements reprochés au professionnel portent sur… » ; le fonds (article_du_fonds L423-17) porte ce même texte sous le numéro final.	Le texte nomme cet alinéa « Art. L. 423-10 », mais son contenu (« Lorsque les manquements reprochés au professionnel portent sur le respect des règles définies au titre II du livre IV du code de commerce... ») est mot pour mot celui que la loi du dossier a rangé sous L. 423-17.		2026-09-26
juste	03cc56ffc7f2129e	assemblee	644	Adopté	M. Razzy Hammadi	L423-3	17	sans visée	alinea	assemblee/14-ta-commission-r1156-a0.asp	1er	ART. PREMIER	modalités fixées par décret en Conseil d’État. « Section 2 « Jugement sur la responsabilité « Art. L. 423-3. – Dans la même décision, le juge constate que les conditions de recevabilité mentionnées à	À la première phrase de l’alinéa 18, après le mot : « et », insérer le mot : « les ».	L423-3 (2014-03-19) — écrit par la loi du dossier, 2014-03-19 : Dans la même décision, le juge constate que les conditions de recevabilité mentionnées à l'article L. 423-1 sont réunies et statue sur la responsabilité du professionnel, au vu des cas individuels présentés par l'association requérante. Il définit le group […]		juste		sonnet-juge-a	sonnet-juge-b		L'alinéa 18 (« Le juge fixe les délais… ») relève de « Art. L. 423-3. – Dans la même décision, le juge constate… ».	L'alinéa 18 est une phrase de « Art. L. 423-3. – Dans la même décision, le juge constate... » ; l'insertion d'un mot ne change pas la cible.		2026-09-26
juste	03cdb5161f7466f9	assemblee	169	Non soutenu	M. Bernard Gérard	L141-1-2	1	sans visée	alinea	assemblee/14-projets-pl1357.asp	53	ART. 53	tives Article 53 Après l’article L. 141-1 du code de la consommation, il est inséré un article L. 141-1-2 ainsi rédigé : « Art. L. 141-1-2. – I. – L’autorité administrative chargée de la concurrence e	Après l’alinéa 12, insérer l’alinéa suivant : « VIII bis.-Le recours de pleine juridiction formé contre les amendes administratives mentionnées à l’article L. 141‑1‑2 s’exerce, lorsqu’elles sont prononcées sur le fondement de l'article L. 141‑1 devant la juridiction judiciaire, dans les deux mois de la notification de la décision, selon des modalités déterminées par décret en Conseil d’État. »	L141-1-2 (2014-03-19) — écrit par la loi du dossier, 2014-03-19 : I. ― L'autorité administrative chargée de la concurrence et de la consommation est l'autorité compétente pour prononcer les amendes administratives sanctionnant les manquements aux I à III de l'article L. 141-1 ainsi que l'inexécution des mesures d'injon […]		juste		sonnet-juge-a	sonnet-juge-b		L'alinéa inséré après le 12 ajoute un « VIII bis » nommant lui-même L. 141-1-2 sans verbe modificatif sur un autre article ; il reste sous « Art. L. 141-1-2. – ».	L'insertion après l'alinéa 12 (« VIII bis.- ») nomme elle-même L. 141-1-2 et prolonge l'article nouvellement créé, sans verbe modificatif visant un autre article.		2026-09-26
juste	03de2784b551b545	assemblee	12	Retiré	M. Marc Le Fur	L121-34	37	sans visée	alinea	assemblee/14-ta-commission-r1156-a0.asp	5	ART. 5	’avoir signée et acceptée par écrit ou avoir donné son consentement par voie électronique. « Art. L. 121-20-1. – Le consommateur qui ne souhaite pas faire l’objet de prospection commerciale par voie t	À l’alinéa 69, après la première occurrence du mot : « téléphonique » insérer les mots : « ou par voie de message interpersonnel court ».	L121-34 (1993-07-27) — écrit par la loi du dossier, 2014-06-14 : Le consommateur qui ne souhaite pas faire l'objet de prospection commerciale par voie téléphoni […] ‖ avant, 1993-07-27 : Les règles relatives aux ventes directes aux consommateurs ainsi qu'à la commercialisation des productions déclassées sont fixées par l'article 39  […]		juste		sonnet-juge-a	sonnet-juge-b		L'alinéa 69 est la tête « Art. L. 121-20-1. – Le consommateur qui ne souhaite pas faire l'objet de prospection commerciale par voie téléphonique… » ; le fonds (article_du_fonds L121-34) porte ce même texte sous le numéro final.	Le texte nomme cet alinéa « Art. L. 121-20-1 », mais son contenu (« Le consommateur qui ne souhaite pas faire l'objet de prospection commerciale par voie téléphonique peut s'inscrire... ») est celui que la loi du dossier a rangé sous L. 121-34.		2026-09-26
juste	03e73c84483b017e	assemblee	412	Rejeté	M. Thierry Benoit	L111-3	7	sans visée	alinea	assemblee/14-ta-commission-r1156-a0.asp	4	ART. 4	de prévoyance et unions régies par le titre III du livre IX du code de la sécurité sociale. « Art. L. 111-3. – Le fabricant ou l’importateur de biens meubles doit informer le vendeur professionnel de	À la première phrase de l’alinéa 12, après le mot : « meubles », insérer les mots : « dont le seuil de valeur est déterminé par décret, ».	L111-3 (1993-07-27) — écrit par la loi du dossier, 2014-06-14 : Le fabricant ou l'importateur de biens meubles informe le vendeur professionnel de la période pe […] ‖ avant, 2010-07-25 : Les articles L. 111-1 et L. 111-2 s'appliquent sans préjudice des dispositions plus favorables aux consommateurs qui soumettent certaines activités […]		juste		sonnet-juge-a	sonnet-juge-b		L'alinéa 12 est la tête même « Art. L. 111-3. – Le fabricant ou l'importateur de biens meubles… ».	L'alinéa 12 est l'ouverture de « Art. L. 111-3. – Le fabricant ou l'importateur de biens meubles... » ; l'insertion de mots ne change pas la cible.		2026-09-26
juste	0426af419cf3c25c	assemblee	476	Retiré	Mme Karine Berger	L111-5-1	1	sans visée	alinea	assemblee/14-projets-pl3318.asp	22	ART. 22	date de publication de la présente loi. Section 3 Loyauté des plateformes Article 22 L’article L. 111-5-1 du même code est ainsi modifié : 1° Le premier alinéa est remplacé par les dispositions suivan	Compléter l’alinéa 4 par la phrase suivante : « L’opérateur rappelle également au consommateur les principes de protection des droits visés au code de la propriété intellectuelle et les régimes de responsabilité, selon des modalités et périodicité déterminées par décret. »	L111-5-1 (2015-08-08) — en vigueur à la loi du dossier, 2015-08-08 : Sans préjudice des obligations d'information prévues à l'article 19 de la loi n° 2004-575 du 21 juin 2004 pour la confiance dans l'économie numérique, toute personne dont l'activité consiste à mettre en relation, par voie électronique, plusieurs parti […]		juste		sonnet-juge-a	sonnet-juge-b		L'alinéa 4 (« Sans préjudice des obligations prévues à l'article 19… tout opérateur… ») relève de « L'article L. 111-5-1… est ainsi modifié ».	L'article 22 du texte ne porte qu'une seule instruction, sur L. 111-5-1 ; l'alinéa 4 en relève nécessairement.		2026-09-26
juste	04324450c59e0278	assemblee	234	Non soutenu	M. François Vannson	L121-21-4	37	sans visée	alinea	assemblee/14-ta-commission-r1156-a0.asp	5	ART. 5	consommateur de son droit de rétractation conformément au 2° du I de l’article L. 121-17. « Art. L. 121-21-4. – Lorsque le droit de rétractation est exercé, le professionnel est tenu de rembourser le	Supprimer l’alinéa 94.	L121-21-4 (2014-06-14) — écrit par la loi du dossier, 2014-06-14 : Lorsque le droit de rétractation est exercé, le professionnel est tenu de rembourser le consommateur de la totalité des sommes versées, y compris les frais de livraison, sans retard injustifié et au plus tard dans les quatorze jours à compter de la date […]		juste		sonnet-juge-a	sonnet-juge-b		L'alinéa 94 (« Au-delà, les sommes dues sont… majorées de 5 %… ») relève de « Art. L. 121-21-4. – Lorsque le droit de rétractation est exercé… ».	L'alinéa 94 supprimé est une phrase de « Art. L. 121-21-4. – Lorsque le droit de rétractation est exercé... ».		2026-09-26
juste	0439ae4bff3e7eba	assemblee	314	Non soutenu	Mme Jeanine Dubié	L423-17	13	sans visée	alinea	assemblee/14-projets-pl1357.asp	1er	ART. PREMIER	« Modalités spécifiques à l’action de groupe intervenant dans le domaine de la concurrence « Art. L. 423-10. – Lorsque les manquements reprochés au professionnel portent sur le respect des règles déf	I. A l’alinéa 44, substituer aux mots : « ne peut être prononcée dans le cadre de l’action mentionnée à l’article L. 423‑1 que », Les mots : « peut être prononcée dans le cadre de l’action mentionnée à l’article L. 423‑1 ». II. En conséquence, après l’alinéa 45, insérer les deux alinéas suivants : « En l’absence d’une telle décision, le juge consulte l’Autorité de la concurrence dans les conditions définies à l’artic […]	L423-17 (2014-03-19) — écrit par la loi du dossier, 2014-03-19 : Lorsque les manquements reprochés au professionnel portent sur le respect des règles définies au titre II du livre IV du code de commerce ou des articles 101 et 102 du traité sur le fonctionnement de l'Union européenne, la responsabilité du professionnel  […]		juste		sonnet-juge-a	sonnet-juge-b		L'alinéa 44 est la même tête « Art. L. 423-10. – Lorsque les manquements reprochés… » ; le fonds (article_du_fonds L423-17) confirme le même passage sous le numéro final.	Le texte nomme cet alinéa « Art. L. 423-10 », mais son contenu, identique à celui de l'amendement 89 sur la même ligne, est celui que la loi du dossier a rangé sous L. 423-17.		2026-09-26
juste	04463f1f43ac4bf6	assemblee	129	Rejeté	M. Lionel Tardy	L141-1	1	sans visée	alinea	assemblee/14-projets-pl1357.asp	25	ART. 25	s moyens d’action en matière de protection économique du consommateur Article 25 I. – L’article L. 141-1 du code de la consommation est ainsi modifié : 1° Le I est ainsi modifié : a) Au premier alinéa	À l’alinéa 33, après le mot : « judiciaire, », insérer les mots : « après avoir mené toutes les diligences nécessaires, ».	L141-1 (1993-07-27) — écrit par la loi du dossier, 2014-03-19 : I.-Sont recherchés et constatés, dans les conditions fixées par les articles L. 450-1, L. 450-3  […] ‖ avant, 2012-03-21 : I.-Sont recherchés et constatés, dans les conditions fixées par les articles L. 450-1 à L. 450-4, L. 450-7, L. 450-8, L. 470-1 et L. 470-5 du code  […]		juste		sonnet-juge-a	sonnet-juge-b		L'alinéa 33 (« 3° Demander à l'autorité judiciaire comme prévu… ») relève de « L'article L. 141-1… est ainsi modifié ».	L'alinéa 33 est un item du I de « L'article L. 141-1 du code de la consommation est ainsi modifié » ; l'insertion de mots ne change pas la cible.		2026-09-26
juste	04688290049c31a1	assemblee	2716	Rejeté	Mme Arlette Grosskost	L141-1	1	sans visée	alinea	assemblee/14-ta-commission-r2498-a0.asp	13	ART. 13	du service rendu. » ; 6° (nouveau) Le 4° de l’article 53 est abrogé ; II. – Le III de l’article L. 141-1 du code de la consommation est complété par un 16° ainsi rédigé : « 16° Du deuxième alinéa de l	Compléter l’alinéa 22 par la phrase suivante : « Dans le cadre de leurs recherches et constats, les agents ne peuvent pas demander d’informations sur l’identité du client, ni sur la nature et le montant des prestations fournies par l’avocat. ».	L141-1 (1993-07-27) — écrit par la loi du dossier, 2015-08-08 : I.-Sont recherchés et constatés, dans les conditions fixées par les articles L. 450-1, L. 450-3  […] ‖ avant, 2014-12-22 : I.-Sont recherchés et constatés, dans les conditions fixées par les articles L. 450-1, L. 450-3 à L. 450-4, L. 450-7 et L. 450-8 du code de commerc […]		juste		sonnet-juge-a	sonnet-juge-b		L'alinéa 22 (« 16° Du deuxième alinéa de l'article 10 de la loi… professions judiciaires et juridiques ») relève de « le III de l'article L. 141-1… est complété par un 16°… ».	L'alinéa 22 complété est le 16° ajouté par « Le III de l'article L. 141-1 du code de la consommation est complété... ».		2026-09-26
juste	04814a6290e1b8f7	assemblee	36	Adopté	M. Lionel Tardy	L111-5-1	1	sans visée	alinea	assemblee/14-projets-pl3318.asp	22	ART. 22	date de publication de la présente loi. Section 3 Loyauté des plateformes Article 22 L’article L. 111-5-1 du même code est ainsi modifié : 1° Le premier alinéa est remplacé par les dispositions suivan	Substituer à l'alinéa 1 les deux alinéas suivants : I. - L'article L. 111-5 du même code est abrogé. II. - L'article L. 111-5-1 du même code devient l'article L. 111-5, et est ainsi modifié :	L111-5-1 (2015-08-08) — en vigueur à la loi du dossier, 2015-08-08 : Sans préjudice des obligations d'information prévues à l'article 19 de la loi n° 2004-575 du 21 juin 2004 pour la confiance dans l'économie numérique, toute personne dont l'activité consiste à mettre en relation, par voie électronique, plusieurs parti […]		juste		sonnet-juge-a	sonnet-juge-b		L'alinéa 1 est la tête même « L'article L. 111-5-1… est ainsi modifié », que l'amendement substitue entièrement (le renuméroter en L. 111-5 n'en fait pas un autre article que la cible qu'il modifie).	L'alinéa 1 substitué est l'unique instruction de l'article, « L'article L. 111-5-1 du même code est ainsi modifié » ; la substitution la réécrit en gardant L. 111-5-1 comme objet direct (« devient l'article L. 111-5, et est ainsi modifié »).		2026-09-26
juste	04b9734bb5959669	assemblee	615	Adopté	M. Razzy Hammadi	L115-16	1	sans visée	alinea	assemblee/14-projets-pl1015.asp	24	ART. 24	igé : « e) Les indications géographiques définies à l’article L. 721-2. » Article 24 L’article L. 115-16 du code de la consommation est ainsi modifié : 1° Au premier alinéa, le montant : « 37 500 » e	Compléter l’alinéa 5 par les mots : « définie à l’article L. 721‑2 du code de la propriété intellectuelle ; ».	L115-16 (1993-07-27) — écrit par la loi du dossier, 2014-03-19 : Est puni de deux ans d'emprisonnement et d'une amende de 300 000 € le fait : 1° De délivrer une […] ‖ avant, 2010-07-29 : Est puni de deux ans d'emprisonnement et d'une amende de 37 500 € le fait : 1° De délivrer une appellation d'origine contrôlée sans satisfaire aux  […]		juste		sonnet-juge-a	sonnet-juge-b		L'alinéa 5 (« 5° De faire croire… un produit bénéficie d'une appellation d'origine ou d'une indication géographique ») relève de « L'article L. 115-16… est ainsi modifié ».	L'alinéa 5 complété est le 5° de « L'article L. 115-16 du code de la consommation est ainsi modifié ».		2026-09-26
juste	04c1971da33cb54c	assemblee	22	Adopté	M. Laurent Grandguillaume	L311-8-1	1	sans visée	alinea	assemblee/14-projets-pl1015.asp	18	ART. 18	Chapitre III Crédit et assurance Section 1 Crédit à la consommation Article 18 I. – L’article L. 311-8-1 du code de la consommation est remplacé par les dispositions suivantes : « Art. L. 311-8-1. –	"Compléter l'alinéa 2 par une phrase ainsi rédigée: ""Le seuil mentionné à la première phrase ne peut être supérieur à 700 euros."""	L311-8-1 (2011-05-01) — en vigueur à la loi du dossier, 2011-05-01 : Lorsqu'un prêteur ou un intermédiaire de crédit propose au consommateur, sur le lieu de vente ou par un moyen de vente à distance, un contrat de crédit pour financer l'achat de biens ou de prestations de services particuliers pour un montant supérieur […]		juste		sonnet-juge-a	sonnet-juge-b		L'alinéa 2 est la tête même « Art. L. 311-8-1. – Lorsqu'un consommateur se voit proposer… ».	L'alinéa 2 complété est le corps même de « Art. L. 311-8-1. – Lorsqu'un consommateur se voit proposer... ».		2026-09-26
juste	04cf9cf45f0d8fc5	assemblee	255	Rejeté	M. Dino Cinieri	L221-14	3	sans visée	alinea	assemblee/16-ta-commission-r0144-a0.asp	7	ART. 7	ontrats Article 7 I. – Le livre II du code de la consommation est ainsi modifié : 1° L’article L. 221-14 est ainsi modifié : a) Au début du premier alinéa, est ajoutée la mention : « I. – » ; b) Sont	À la première phrase de l’alinéa 5, après le mot : « électronique », insérer les mots : « auprès d’une entreprise installée en France ou à l’étranger ».	L221-14 (2016-07-01) — en vigueur à la loi du dossier, 2016-07-01 : Pour les contrats conclus par voie électronique, le professionnel rappelle au consommateur, avant qu'il ne passe sa commande, de manière lisible et compréhensible, les informations relatives aux caractéristiques essentielles des biens ou des services q […]		juste		sonnet-juge-a	sonnet-juge-b		L'alinéa 5 (« II. – Les contrats conclus par voie électronique peuvent être résiliés… ») relève de « L'article L. 221-14… est ainsi modifié ».	L'alinéa 5 est le II ajouté par « 1° L'article L. 221-14 est ainsi modifié... b) Sont ajoutés des II à IV ».		2026-09-26
juste	04e19d584a1894e9	assemblee	122	Rejeté	M. Lionel Tardy	L333-7	1	sans visée	alinea	assemblee/14-projets-pl1357.asp	22 bis	ART. 22 BIS	’intitulé du chapitre III bis du titre III du code de la consommation sont supprimés. L’article L. 333-7 devient l’article L. 333-23 au sein d’une section 3 du même chapitre III telle qu’elle résulte	Après la seconde occurrence du mot : « crédit », supprimer la fin de l’alinéa 13.	L333-7 (2010-12-11) — en vigueur à la loi du dossier, 2014-01-01 : Les dispositions du présent titre sont applicables au débiteur qui a procédé à une déclaration de constitution de patrimoine affecté conformément à l'article L. 526-7 du code de commerce, sous les réserves énoncées par le présent article. Elles s'appliq […]		juste		sonnet-juge-a	sonnet-juge-b		L'alinéa 13 est la tête même « Art. L. 333-7. – Le registre national des crédits aux particuliers… ».	L'alinéa 13 tronqué est le corps de « Art. L. 333-7. – Le registre national des crédits aux particuliers... ».		2026-09-26
juste	0520dd698345efc1	senat	165	Retiré	M. COINTAT	L121-107	12	sans visée	alinea	senat/leg-pjl13-283.html	11	Article 11	e liquéfié en vrac d'un poids supérieur à 50 kilogrammes ou l'entretien de tels matériels. « Art. L. 121-106. - Les contrats mentionnés à l'article L. 121-105 sont écrits, le consommateur n'étant eng	Alinéa 42 Compléter cet alinéa par les mots : ainsi que le coût total prévisionnel supporté par le consommateur au terme du contrat pour toutes les options de fourniture du matériel de stockage de gaz de pétrole liquéfié	L121-107 (2014-10-01) — écrit par la loi du dossier, 2014-10-01 : Les contrats mentionnés à l'article L. 121-106 sont écrits, le consommateur n'étant engagé que par sa signature. Ces contrats doivent préciser au moins les informations suivantes sous une forme claire, détaillée et aisément accessible : 1° L'identité du  […]	//www.senat.fr/amendements/2013-2014/283/Amdt_165.html	juste		sonnet-juge-a	sonnet-juge-b		L'alinéa 42 (« 3° Les prix des produits et services contractuels… ») relève de « Art. L. 121-106. – Les contrats mentionnés… » ; le fonds (article_du_fonds L121-107) porte ce même texte sous le numéro final.	Le texte nomme cet alinéa « Art. L. 121-106 » (renvoyant à L. 121-105), mais son contenu (« Les contrats mentionnés à l'article L. 121-10[5/6] sont écrits, le consommateur n'étant engagé que par sa signature ») est celui que la loi du dossier a rangé sous L. 121-107, décalé d'un rang.		2026-09-26
juste	0521d3dbb31389c8	assemblee	564	Tombé	M. Lionel Tardy	L111-5-1	3	sans visée	alinea	assemblee/14-ta-commission-r2866-a0.asp	33 decies	ART. 33 DECIES	e de la consommation est ainsi modifié : 1° Après l’article L. 111-5, il est inséré un article L. 111-5-1 ainsi rédigé : « Art. L. 111-5-1. – Sans préjudice des obligations d’information prévues à l’a	Compléter l’alinéa 6 par les mots « en Conseil d’État ».	L111-5-1 (2015-08-08) — écrit par la loi du dossier, 2015-08-08 : Sans préjudice des obligations d'information prévues à l'article 19 de la loi n° 2004-575 du 21 juin 2004 pour la confiance dans l'économie numérique, toute personne dont l'activité consiste à mettre en relation, par voie électronique, plusieurs parties  […]		juste		sonnet-juge-a	sonnet-juge-b		L'alinéa 6 (« Le contenu de ces informations et leurs modalités de communication sont fixés par décret ») relève de « Art. L. 111-5-1. – ».	L'alinéa 6 complété est une phrase de l'article L. 111-5-1 nouvellement inséré (« 1° Après l'article L. 111-5, il est inséré un article L. 111-5-1 ainsi rédigé »).		2026-09-26
juste	052a9bfe66d8ece4	assemblee	344	Retiré	M. Thierry Benoit	L423-1	13	sans visée	alinea	assemblee/14-projets-pl1357.asp	1er	ART. PREMIER	tion de groupe « Section 1 « Champ d’application de l’action de groupe et qualité pour agir « Art. L. 423-1. – Une association de défense des consommateurs représentative au niveau national et agréée	A l’alinéa 6, supprimer les mots : « similaire ou ».	L423-1 (2014-03-19) — écrit par la loi du dossier, 2014-03-19 : Une association de défense des consommateurs représentative au niveau national et agréée en application de l'article L. 411-1 peut agir devant une juridiction civile afin d'obtenir la réparation des préjudices individuels subis par des consommateurs placés […]		juste		sonnet-juge-a	sonnet-juge-b		L'alinéa 6 est la tête même « Art. L. 423-1. – Une association de défense des consommateurs… ».	L'alinéa 6 est le corps même de « Art. L. 423-1. – Une association de défense des consommateurs... ».		2026-09-26
juste	056189a1deea11f2	assemblee	415	Non soutenu	M. Thierry Benoit	L122-8	12	sans visée	alinea	assemblee/14-projets-pl1015.asp	64	ART. 64	me article ne peuvent être prononcées que pour une durée de cinq ans au plus. » IX. – L’article L. 122-8 du même code est ainsi modifié : 1° Au premier alinéa, le mot : « cinq » est remplacé par le mo	À l’alinéa 43, substituer au taux : « 10 % », le taux : « 5 % ».	L122-8 (1993-07-27) — écrit par la loi du dossier, 2014-03-19 : Quiconque aura abusé de la faiblesse ou de l'ignorance d'une personne pour lui faire souscrire,  […] ‖ avant, 2008-08-06 : Quiconque aura abusé de la faiblesse ou de l'ignorance d'une personne pour lui faire souscrire, par le moyen de visites à domicile, des engagements […]		juste		sonnet-juge-a	sonnet-juge-b		L'alinéa 43 (« Le montant de l'amende peut être porté à 10 % du chiffre d'affaires… ») relève de « L'article L. 122-8… est ainsi modifié ».	L'alinéa 43 est une phrase de « L'article L. 122-8 du même code est ainsi modifié ».		2026-09-26
juste	0567bdbe20de28df	assemblee	691	Adopté	M. Sébastien Denaja	L423-16	16	sans visée	alinea	assemblee/14-projets-pl1015.asp	1er	ART. PREMIER	ve afin d’obtenir la réparation des préjudices individuels mentionnés à l’article L. 423-1. « Art. L. 423-9. – Tout accord négocié au nom du groupe est soumis à l’homologation du juge, qui lui donne	À l’alinéa 30, après le mot : « prévoir », insérer les mots : « , à la charge du professionnel, ».	L423-16 (2014-03-19) — écrit par la loi du dossier, 2014-03-19 : Tout accord négocié au nom du groupe est soumis à l'homologation du juge, qui vérifie s'il est conforme aux intérêts de ceux auxquels il a vocation à s'appliquer et lui donne force exécutoire. Cet accord précise les mesures de publicité nécessaires pour i […]		juste		sonnet-juge-a	sonnet-juge-b		L'alinéa 30 (« Le juge peut prévoir les mesures de publicité nécessaires… ») relève de « Art. L. 423-9. – Tout accord négocié au nom du groupe… » ; le fonds (article_du_fonds L423-16) porte ce même texte sous le numéro final.	Le texte nomme cet alinéa « Art. L. 423-9 », mais son contenu (« Tout accord négocié au nom du groupe est soumis à l'homologation du juge... Le juge peut prévoir les mesures de publicité ») est celui que la loi du dossier a rangé sous L. 423-16.		2026-09-26
