verdict	cle	celex	article_acte	paragraphe	intitule_acte	article	numero_ecrit	dossier	pdf	page	ligne	article_du_fonds	url_acte	verdict_bis	verdict_ter	juge	juge_bis	juge_ter	commentaire	commentaire_bis	commentaire_ter	date_jugement
juste	05d926caa881b228	32020L1828	7	1	Actions représentatives	L623-1	L623-1	JORFDOLE000050427907	travail/corpus/impacts/JORFDOLE000050427907__etude-impact-1.pdf	741	"Tableau de concordance de l'étude d'impact, page 741 : directive (UE) 2020/1828, Article 7§1 — L.623-1 code de la consommation : ""Une association de"	L623-1 (2016-07-01) — écrit par la loi du dossier, 2018-11-25 : Une association de défense des consommateurs représentative au niveau national et agréée en appl […] ‖ avant, 2016-07-01 : Une association de défense des consommateurs représentative au niveau national et agréée en application de l'article L. 811-1 peut agir devant une  […]	https://eur-lex.europa.eu/legal-content/FR/TXT/HTML/?uri=CELEX:32020L1828#art_7	juste		sonnet-A	sonnet-B		Page 741 : la ligne « Article 7§1 » cite en dispositions proposées « L.621-7 », « L.623-1 code de la consommation », « L.624-2 »… ; L.623-1 y figure, même objet.	Page 741, dans la colonne « dispositions proposées » de la ligne Article 7§1, L.623-1 est cité avec un extrait identique au texte actuel de l'article.		2026-09-24
juste	05e69ad4747976e8	32011L0083	5		Obligations d’information concernant les contrats autres que les contrats à distance ou hors établissement	L113-3	L113-3	JORFDOLE000027383756	travail/corpus/impacts/JORFDOLE000027383756__etude-impact-1.pdf	140	Tableau de concordance de l'étude d'impact, page 140 : directive 2011/83/UE, Article 5 — Art. L. 111-1, L. 111-2, L. 113-3 et L.	L113-3 (1993-07-27) — écrit par la loi du dossier, 2014-06-14 : Tout vendeur de produit ou tout prestataire de services doit, par voie de marquage, d'étiquetage […] ‖ avant, 2014-01-01 : Tout vendeur de produit ou tout prestataire de services doit, par voie de marquage, d'étiquetage, d'affichage ou par tout autre procédé approprié,  […]	https://eur-lex.europa.eu/legal-content/FR/TXT/HTML/?uri=CELEX:32011L0083#art_5	juste		sonnet-A	sonnet-B		Page 140 : la ligne « Article 5 » liste en impact « Art. L. 111-1, L. 111-2, L. 113-3 et L. 113-3-1 » ; L.113-3 est sur cette même ligne.	Page 140, la citation « Art. L.111-1, L.111-2, L.113-3 et L.113-3-1 » est alignée sur la même ligne que l'article 5 de la directive ; L113-3 y figure et son objet (marquage/étiquetage des prix) correspond à l'article 5.		2026-09-24
juste	09f437fe380333f5	32011L0083	3		Champ d’application	L121-16-1	L121-16-1	JORFDOLE000027383756	travail/corpus/impacts/JORFDOLE000027383756__etude-impact-1.pdf	138	Tableau de concordance de l'étude d'impact, page 138 : directive 2011/83/UE, Article 3 — Art. L. 121-16-1	L121-16-1 (2014-06-14) — écrit par la loi du dossier, 2014-06-14 : I.-Sont exclus du champ d'application de la présente section : 1° Les contrats portant sur les services sociaux, y compris le logement social, l'aide à l'enfance et aux familles, à l'exception des services à la personne mentionnés à l'article L. 7231-1  […]	https://eur-lex.europa.eu/legal-content/FR/TXT/HTML/?uri=CELEX:32011L0083#art_3	juste		sonnet-A	sonnet-B		Page 138 : la ligne « Article 3 (champ d'application) » fait face à « Art. L. 121-16-1 » ; même objet.	Page 138, la ligne de l'article 3 (champ d'application) porte en face L. 121-16-1, dont le contenu (exclusions du champ d'application) correspond à l'objet de l'article 3.		2026-09-24
juste	0f19fc78ab8dc9d0	32011L0083	14		Obligations du consommateur en cas de rétractation	L121-21-3	L121-21-3	JORFDOLE000027383756	travail/corpus/impacts/JORFDOLE000027383756__etude-impact-1.pdf	153	Tableau de concordance de l'étude d'impact, page 153 : directive 2011/83/UE, Article 14 — Art. L. 121-21-3 (1er et 2ème alinéa)	L121-21-3 (2014-06-14) — écrit par la loi du dossier, 2014-06-14 : Le consommateur renvoie ou restitue les biens au professionnel ou à une personne désignée par ce dernier, sans retard excessif et, au plus tard, dans les quatorze jours suivant la communication de sa décision de se rétracter conformément à l'article L.  […]	https://eur-lex.europa.eu/legal-content/FR/TXT/HTML/?uri=CELEX:32011L0083#art_14	juste		sonnet-A	sonnet-B		Page 153 : la ligne « Article 14 » fait face à « Art. L. 121-21-3 (1er et 2ème alinéa) » ; même objet.	Page 153, la ligne de l'article 14 porte en face L. 121-21-3 (1er et 2e alinéa), dont le texte (renvoi des biens) correspond à l'objet de l'article 14.		2026-09-24
juste	1779bb5c3323aff5	32011L0083	24		Sanctions	L121-23	L121-23	JORFDOLE000027383756	travail/corpus/impacts/JORFDOLE000027383756__etude-impact-1.pdf	162	Tableau de concordance de l'étude d'impact, page 162 : directive 2011/83/UE, Article 24 — L. 121-23	L121-23 (1993-07-27) — écrit par la loi du dossier, 2014-06-14 : Toute infraction aux articles L. 121-18-1 et L. 121-18-2 est punie d'une peine d'emprisonnement […] ‖ avant, 1993-07-27 : Les opérations visées à l'article L. 121-21 doivent faire l'objet d'un contrat dont un exemplaire doit être remis au client au moment de la conclus […]	https://eur-lex.europa.eu/legal-content/FR/TXT/HTML/?uri=CELEX:32011L0083#art_24	juste		sonnet-A	sonnet-B		Page 162 : la ligne « Article 24 » liste en impact L.121-22, L.121-22-1 et L.121-23 ; L.121-23 y figure, même objet (sanctions).	Page 162, le bloc de l'article 24 (sanctions) est aligné avec L. 121-23, qui porte bien sur une sanction pénale liée aux manquements transposés.		2026-09-24
juste	1df92d41ddf26222	32020L1828	13	2	Informations sur les actions représentatives	L623-8	L623-8	JORFDOLE000050427907	travail/corpus/impacts/JORFDOLE000050427907__etude-impact-1.pdf	757	"Tableau de concordance de l'étude d'impact, page 757 : directive (UE) 2020/1828, Article 13§2 — L.623-8 code de la consommation : "" [...] [Le juge]"	L623-8 (2016-07-01) — écrit par la loi du dossier, 2016-07-01 : Dans la même décision prononçant la responsabilité du professionnel, le juge fixe le délai dont disposent les consommateurs pour adhérer au groupe afin d'obtenir la réparation de leur préjudice. Ce délai ne peut être inférieur à deux mois ni supérieur à si […]	https://eur-lex.europa.eu/legal-content/FR/TXT/HTML/?uri=CELEX:32020L1828#art_13	juste		sonnet-A	sonnet-B		Page 757 : la ligne « Article 13§2 » cite en normes existantes L.623-7, « L.623-8 code de la consommation » et L.623-15 ; L.623-8 y figure, même objet.	Page 757, la ligne Article 13§2 cite L.623-8 ; le contenu de l'article (modalités d'adhésion fixées par le juge) est cohérent avec le sujet « informations sur les actions représentatives ».		2026-09-24
juste	25f9b71b5faae921	32011L0083	5		Obligations d’information concernant les contrats autres que les contrats à distance ou hors établissement	L111-1	L111-1	JORFDOLE000027383756	travail/corpus/impacts/JORFDOLE000027383756__etude-impact-1.pdf	140	Tableau de concordance de l'étude d'impact, page 140 : directive 2011/83/UE, Article 5 — Art. L. 111-1, L. 111-2, L. 113-3 et L.	L111-1 (1993-07-27) — écrit par la loi du dossier, 2014-06-14 : Avant que le consommateur ne soit lié par un contrat de vente de biens ou de fourniture de servi […] ‖ avant, 2010-07-25 : I. - Tout professionnel vendeur de biens doit, avant la conclusion du contrat, mettre le consommateur en mesure de connaître les caractéristiques e […]	https://eur-lex.europa.eu/legal-content/FR/TXT/HTML/?uri=CELEX:32011L0083#art_5	juste		sonnet-A	sonnet-B		Page 140 : même ligne « Article 5 » que ci-dessus ; L.111-1 y figure aussi, même objet (information précontractuelle).	Page 140, même ligne que pour L.113-3 (article 5 — L.111-1, L.111-2, L.113-3...) ; L111-1 correspond à l'obligation générale d'information précontractuelle visée par l'article 5.		2026-09-24
juste	2c0aed0bc99beecc	32011L0083	9		Droit de rétractation	L121-21	L121-21	JORFDOLE000027383756	travail/corpus/impacts/JORFDOLE000027383756__etude-impact-1.pdf	149	Tableau de concordance de l'étude d'impact, page 149 : directive 2011/83/UE, Article 9 — Art. L. 121-21 (1er alinéa)	L121-21 (1993-07-27) — écrit par la loi du dossier, 2014-06-14 : Le consommateur dispose d'un délai de quatorze jours pour exercer son droit de rétractation d'u […] ‖ avant, 1993-07-27 : Est soumis aux dispositions de la présente section quiconque pratique ou fait pratiquer le démarchage, au domicile d'une personne physique, à sa ré […]	https://eur-lex.europa.eu/legal-content/FR/TXT/HTML/?uri=CELEX:32011L0083#art_9	juste		sonnet-A	sonnet-B		Page 149 : la ligne « Article 9 » fait face à « Art. L. 121-21 (1er alinéa) » ; même objet.	Page 149, la ligne de l'article 9 (droit de rétractation) porte en face L. 121-21 (1er alinéa), dont le délai de quatorze jours correspond à l'objet de l'article 9.		2026-09-24
juste	310ce15be0dd79d7	32020L1828	6	2	Introduction d’actions représentatives transfrontières	L623-31	L623-31	JORFDOLE000050427907	travail/corpus/impacts/JORFDOLE000050427907__etude-impact-1.pdf	739	"Tableau de concordance de l'étude d'impact, page 739 : directive (UE) 2020/1828, Article 6 §2 — L. 623-31 code de la consommation : "" L’action mentionnée"	L623-31 (2016-07-01) — écrit par la loi du dossier, 2016-07-01 : Toute association de défense des consommateurs représentative au niveau national et agréée en application de l'article L. 811-1 peut demander au juge, à compter de sa saisine en application de l'article L. 623-1 et à tout moment, sa substitution dans les  […]	https://eur-lex.europa.eu/legal-content/FR/TXT/HTML/?uri=CELEX:32020L1828#art_6	juste		sonnet-A	sonnet-B		Page 739 : la ligne « Article 6§2 » cite en dispositions proposées « L.624-2 » et « L.623-31 code de la consommation » ; L.623-31 y figure, même objet.	Page 739, la ligne Article 6§2 porte en face L. 623-31, dont le texte (substitution d'un organisme à l'association requérante) correspond à l'introduction d'actions transfrontières.		2026-09-24
juste	37f28e92902dfb0a	32020L1828	5	3	Informations et suivi des entités qualifiées	R811-7	R811-7	JORFDOLE000050427907	travail/corpus/impacts/JORFDOLE000050427907__etude-impact-1.pdf	734	"Tableau de concordance de l'étude d'impact, page 734 : directive (UE) 2020/1828, Article 5 §3 — R.811-7 code de la consommation : ""L'agrément peut"	R811-7 (2016-07-01) — en vigueur à la loi du dossier, 2016-07-01 : L'agrément peut être retiré après avis du procureur général, lorsque l'association n'a plus le nombre d'adhérents requis pour son agrément, lorsqu'elle ne peut plus justifier de l'activité définie à l'article R. 811-1 ou lorsqu'il est établi qu'elle n'e […]	https://eur-lex.europa.eu/legal-content/FR/TXT/HTML/?uri=CELEX:32020L1828#art_5	juste		sonnet-A	sonnet-B		Page 734 : la ligne « Article 5§3 » cite en normes existantes « R.811-7 code de la consommation : L'agrément peut être retiré… » ; même objet.	Page 734, la ligne Article 5§3 cite R.811-7, avec un extrait identique au texte actuel de l'article sur le retrait de l'agrément.		2026-09-24
juste	41b426e57c4d5b60	32020L1828	4	2	Entités qualifiées	L621-7	L621-7	JORFDOLE000050427907	travail/corpus/impacts/JORFDOLE000050427907__etude-impact-1.pdf	732	Tableau de concordance de l'étude d'impact, page 732 : directive (UE) 2020/1828, Article 4 §2 — L.623-1 code de la consommation et L.621-7 code de la	L621-7 (2016-07-01) — écrit par la loi du dossier, 2025-05-03 : Les associations mentionnées à l'article L. 621-1 peuvent agir devant la juridiction civile pour […] ‖ avant, 2016-07-01 : Les associations mentionnées à l'article L. 621-1 et les organismes justifiant de leur inscription sur la liste publiée au Journal officiel de l'Un […]	https://eur-lex.europa.eu/legal-content/FR/TXT/HTML/?uri=CELEX:32020L1828#art_4	juste		sonnet-A	sonnet-B		Page 732 : même ligne « Article 4§2 » ; L.621-7 y figure aussi, même objet.	Page 732, la ligne Article 4§2 renvoie, en « disposition proposée », à L.623-1 et L.621-7 « cf. supra » ; L.621-7 (associations pouvant agir en justice) correspond aux entités qualifiées visées par l'article 4.		2026-09-24
juste	534d5423499c1cb5	32020L1828	9	7	Mesures de réparation	R623-14	R623-14	JORFDOLE000050427907	travail/corpus/impacts/JORFDOLE000050427907__etude-impact-1.pdf	746	"Tableau de concordance de l'étude d'impact, page 746 : directive (UE) 2020/1828, Article 9§7 — R.623-14 code de la consommation: ""Les consommateurs"	R623-14 (2016-07-01) — en vigueur à la loi du dossier, 2016-07-01 : Les consommateurs membres du groupe qui n'ont pas exprimé leur acceptation dans le délai et selon les modalités fixés par le juge en application des dispositions de l'article L. 623-15 et dans les conditions prévues par l'article R. 623-13 ne sont plus […]	https://eur-lex.europa.eu/legal-content/FR/TXT/HTML/?uri=CELEX:32020L1828#art_9	juste		sonnet-A	sonnet-B		Page 746 : la ligne « Article 9§7 » cite en normes existantes L.623-11, L.623-14 et « R.623-14 code de la consommation » ; R.623-14 y figure, même objet.	Page 746, la ligne Article 9§7 cite R.623-14, avec un extrait identique au texte en vigueur sur les consommateurs n'ayant pas accepté l'indemnisation individuelle.		2026-09-24
juste	56aec5ebe5e8e2af	32011L0083	11		Exercice du droit de rétractation	L121-21-2	L121-21-2	JORFDOLE000027383756	travail/corpus/impacts/JORFDOLE000027383756__etude-impact-1.pdf	151	Tableau de concordance de l'étude d'impact, page 151 : directive 2011/83/UE, Article 11 — Art. L. 121-21-2 (1er alinéa)	L121-21-2 (2014-06-14) — écrit par la loi du dossier, 2014-06-14 : Le consommateur informe le professionnel de sa décision de rétractation en lui adressant, avant l'expiration du délai prévu à l'article L. 121-21, le formulaire de rétractation mentionné au 2° du I de l'article L. 121-17 ou toute autre déclaration, dénu […]	https://eur-lex.europa.eu/legal-content/FR/TXT/HTML/?uri=CELEX:32011L0083#art_11	juste		sonnet-A	sonnet-B		Page 151 : la ligne « Article 11 » fait face à « Art. L. 121-21-2 (1er alinéa) » ; même objet.	Page 151, la ligne de l'article 11 (exercice du droit de rétractation) porte en face L. 121-21-2 (1er alinéa), dont le texte correspond aux modalités d'exercice décrites.		2026-09-24
juste	5ff94c8f42b0368d	32020L1828	2	1	Champ d’application	L623-1	L623-1	JORFDOLE000050427907	travail/corpus/impacts/JORFDOLE000050427907__etude-impact-1.pdf	728	Tableau de concordance de l'étude d'impact, page 728 : directive (UE) 2020/1828, Article 2 §1 — Articles L. 623-1 et L.621-7 du code de la consommation	L623-1 (2016-07-01) — écrit par la loi du dossier, 2018-11-25 : Une association de défense des consommateurs représentative au niveau national et agréée en appl […] ‖ avant, 2016-07-01 : Une association de défense des consommateurs représentative au niveau national et agréée en application de l'article L. 811-1 peut agir devant une  […]	https://eur-lex.europa.eu/legal-content/FR/TXT/HTML/?uri=CELEX:32020L1828#art_2	juste		sonnet-A	sonnet-B		Page 728 : la ligne « Article 2§1 » cite en normes existantes « Articles L. 623-1 et L.621-7 du code de la consommation » ; L.623-1 y figure, même objet.	Page 728, la ligne Article 2§1 cite L.623-1 parmi les normes de droit interne existantes couvrant le champ d'application consumériste de la directive.		2026-09-24
juste	66c87f149d0d8082	32011L0083	15		Effets de l’exercice du droit de rétractation sur les contrats accessoires	L121-21-7	L121-21-7	JORFDOLE000027383756	travail/corpus/impacts/JORFDOLE000027383756__etude-impact-1.pdf	156	Tableau de concordance de l'étude d'impact, page 156 : directive 2011/83/UE, Article 15 — Art. L. 121-21-7 2ème alinéa	L121-21-7 (2014-06-14) — écrit par la loi du dossier, 2014-06-14 : L'exercice du droit de rétractation met fin à l'obligation des parties soit d'exécuter le contrat à distance ou le contrat hors établissement, soit de le conclure lorsque le consommateur a fait une offre. L'exercice du droit de rétractation d'un contrat […]	https://eur-lex.europa.eu/legal-content/FR/TXT/HTML/?uri=CELEX:32011L0083#art_15	juste		sonnet-A	sonnet-B		Page 156 : la ligne « Article 15 » fait face à « Art. L. 121-21-7 2ème alinéa » ; même objet.	Page 156, la ligne de l'article 15 (effets sur les contrats accessoires) porte en face L. 121-21-7 (2e alinéa), qui traite bien de l'extinction des contrats accessoires.		2026-09-24
juste	713e997bdde0908c	32011L0083	2	7	Définitions	L121-16	L121-16	JORFDOLE000027383756	travail/corpus/impacts/JORFDOLE000027383756__etude-impact-1.pdf	136	Tableau de concordance de l'étude d'impact, page 136 : directive 2011/83/UE,  Art.2-7 — Art. L. 121-16 1°	"L121-16 (1993-07-27) — écrit par la loi du dossier, 2014-06-14 : Au sens de la présente section, sont considérés comme : 1° ""Contrat à distance"" tout contrat co […] ‖ avant, 2005-12-01 : Les dispositions de la présente sous-section s'appliquent à toute vente d'un bien ou toute fourniture d'une prestation de service conclue, sans la  […]"	https://eur-lex.europa.eu/legal-content/FR/TXT/HTML/?uri=CELEX:32011L0083#art_2	juste		sonnet-A	sonnet-B		Page 136 (tableau tourné) : la ligne « Art.2-7) Contrat à distance » de l'article 2 de la directive fait face à « Art. L. 121-16 1° » ; même objet (définition du contrat à distance).	Page 136, la ligne Art.2-7 (contrat à distance) porte en face L. 121-16 1°, qui définit bien le contrat à distance.		2026-09-24
juste	7a1d1b803a2f39af	32011L0083	12		Effets de la rétractation	L121-21-7	L121-21-7	JORFDOLE000027383756	travail/corpus/impacts/JORFDOLE000027383756__etude-impact-1.pdf	152	Tableau de concordance de l'étude d'impact, page 152 : directive 2011/83/UE, Article 12 — Art. L. 121-21-7 1er alinéa	L121-21-7 (2014-06-14) — écrit par la loi du dossier, 2014-06-14 : L'exercice du droit de rétractation met fin à l'obligation des parties soit d'exécuter le contrat à distance ou le contrat hors établissement, soit de le conclure lorsque le consommateur a fait une offre. L'exercice du droit de rétractation d'un contrat […]	https://eur-lex.europa.eu/legal-content/FR/TXT/HTML/?uri=CELEX:32011L0083#art_12	juste		sonnet-A	sonnet-B		Page 152 : la ligne « Article 12 » fait face à « Art. L. 121-21-7 1er alinéa » ; même objet.	Page 152, la ligne de l'article 12 (effets de la rétractation) porte en face L. 121-21-7 (1er alinéa), qui décrit l'extinction de l'obligation d'exécuter le contrat.		2026-09-24
juste	7e4ddbf955fd9048	32011L0083	7		Obligations formelles concernant les contrats hors établissement	L121-18	L121-18	JORFDOLE000027383756	travail/corpus/impacts/JORFDOLE000027383756__etude-impact-1.pdf	145	Tableau de concordance de l'étude d'impact, page 145 : directive 2011/83/UE, Article 7 —  Art. L. 121-18	L121-18 (1993-07-27) — écrit par la loi du dossier, 2014-06-14 : Dans le cas d'un contrat conclu hors établissement, le professionnel fournit au consommateur, s […] ‖ avant, 2010-07-25 : Sans préjudice des informations prévues par les articles L. 111-1, L. 111-2 et L. 113-3 ainsi que de celles prévues pour l'application de l'article […]	https://eur-lex.europa.eu/legal-content/FR/TXT/HTML/?uri=CELEX:32011L0083#art_7	juste		sonnet-A	sonnet-B		Page 145 : la ligne « Article 7 » (7-1, contrats hors établissement) fait face à « Art. L. 121-18 » ; même objet.	Page 145, la ligne de l'article 7 (formalisme hors établissement) porte en face L. 121-18, dont le texte correspond à la fourniture du contrat sur papier ou support durable.		2026-09-24
juste	8b269fd7ccef3b4e	32011L0083	6		Obligations d’information concernant les contrats à distance et les contrats hors établissement	L121-17	L121-17	JORFDOLE000027383756	travail/corpus/impacts/JORFDOLE000027383756__etude-impact-1.pdf	142	Tableau de concordance de l'étude d'impact, page 142 : directive 2011/83/UE, Article 6 — Art. L. 121-17 I	L121-17 (1993-07-27) — écrit par la loi du dossier, 2014-06-14 : I.-Préalablement à la conclusion d'un contrat de vente ou de fourniture de services, le profess […] ‖ avant, 2005-12-01 : Ne sont pas soumis aux dispositions de la présente section les contrats : 1° Conclus par le moyen de distributeurs automatiques ou pour des prestat […]	https://eur-lex.europa.eu/legal-content/FR/TXT/HTML/?uri=CELEX:32011L0083#art_6	juste		sonnet-A	sonnet-B		Page 142 : la ligne « Article 6 » fait face à « Art. L. 121-17 I » ; même objet.	Page 142, la ligne de l'article 6 (information précontractuelle à distance/hors établissement) porte en face L. 121-17 I, qui reprend les mêmes obligations d'information.		2026-09-24
juste	9ba2aecaa30cfb4b	32011L0083	2	8	Définitions	L121-16	L121-16	JORFDOLE000027383756	travail/corpus/impacts/JORFDOLE000027383756__etude-impact-1.pdf	136	Tableau de concordance de l'étude d'impact, page 136 : directive 2011/83/UE,  Art.2-8 — Art. L 121-16 2°	"L121-16 (1993-07-27) — écrit par la loi du dossier, 2014-06-14 : Au sens de la présente section, sont considérés comme : 1° ""Contrat à distance"" tout contrat co […] ‖ avant, 2005-12-01 : Les dispositions de la présente sous-section s'appliquent à toute vente d'un bien ou toute fourniture d'une prestation de service conclue, sans la  […]"	https://eur-lex.europa.eu/legal-content/FR/TXT/HTML/?uri=CELEX:32011L0083#art_2	juste		sonnet-A	sonnet-B		Page 136 : la ligne « Art.2-8) Contrat hors établissement » fait face à « Art. L 121-16 2° » ; même objet.	Page 136, la ligne Art.2-8 (contrat hors établissement) porte en face L. 121-16 2°, qui définit bien le contrat hors établissement.		2026-09-24
juste	9cb6662fe87d980a	32011L0083	8		Obligations formelles concernant les contrats à distance	L121-19	L121-19	JORFDOLE000027383756	travail/corpus/impacts/JORFDOLE000027383756__etude-impact-1.pdf	146	Tableau de concordance de l'étude d'impact, page 146 : directive 2011/83/UE, Article 8 — Art. L. 121-19	L121-19 (1993-07-27) — écrit par la loi du dossier, 2014-06-14 : Lorsque le contrat est conclu à distance, le professionnel fournit au consommateur, de manière  […] ‖ avant, 2010-07-25 : I.-Le consommateur doit recevoir, par écrit ou sur un autre support durable à sa disposition, en temps utile et au plus tard au moment de la livrai […]	https://eur-lex.europa.eu/legal-content/FR/TXT/HTML/?uri=CELEX:32011L0083#art_8	juste		sonnet-A	sonnet-B		Page 146 : la ligne « Article 8 » fait face à « Art. L. 121-19 » ; même objet.	Page 146, la ligne de l'article 8 (formalisme à distance) porte en face L. 121-19, dont le texte correspond à la fourniture du contrat pour les contrats à distance.		2026-09-24
juste	9e62d09b5f928483	32020L1828	2	1	Champ d’application	L621-7	L621-7	JORFDOLE000050427907	travail/corpus/impacts/JORFDOLE000050427907__etude-impact-1.pdf	728	Tableau de concordance de l'étude d'impact, page 728 : directive (UE) 2020/1828, Article 2 §1 — Articles L. 623-1 et L.621-7 du code de la consommation	L621-7 (2016-07-01) — écrit par la loi du dossier, 2025-05-03 : Les associations mentionnées à l'article L. 621-1 peuvent agir devant la juridiction civile pour […] ‖ avant, 2016-07-01 : Les associations mentionnées à l'article L. 621-1 et les organismes justifiant de leur inscription sur la liste publiée au Journal officiel de l'Un […]	https://eur-lex.europa.eu/legal-content/FR/TXT/HTML/?uri=CELEX:32020L1828#art_2	juste		sonnet-A	sonnet-B		Page 728 : même ligne « Article 2§1 » ; L.621-7 y figure aussi, même objet.	Page 728, même ligne Article 2§1 ; L.621-7 y figure également comme norme existante couvrant la sphère consumériste du champ d'application.		2026-09-24
juste	a35ab8354487fde6	32020L1828	7	5	Actions représentatives	L623-2	L623-2	JORFDOLE000050427907	travail/corpus/impacts/JORFDOLE000050427907__etude-impact-1.pdf	742	Tableau de concordance de l'étude d'impact, page 742 : directive (UE) 2020/1828, Article 7§5 — L. 623-2 code de la consommation : A l’occasion d’une	L623-2 (2016-07-01) — écrit par la loi du dossier, 2016-07-01 : L'action de groupe ne peut porter que sur la réparation des préjudices patrimoniaux résultant des dommages matériels subis par les consommateurs.	https://eur-lex.europa.eu/legal-content/FR/TXT/HTML/?uri=CELEX:32020L1828#art_7	juste		sonnet-A	sonnet-B		Page 742 : la ligne « Article 7§5 » cite en dispositions proposées « L.623-2 code de la consommation » ; même objet.	Page 742, la ligne Article 7§5 cite, en « disposition proposée », L.623-2 avec un extrait autorisant à demander la cessation du manquement en sus de la réparation ; le texte actuellement en vigueur de L.623-2, plus restrictif (réparation seule), montre qu'il s'agit du même article, visé pour extension.		2026-09-24
juste	b2996731d53fd6e7	32020L1828	9	7	Mesures de réparation	L623-14	L623-14	JORFDOLE000050427907	travail/corpus/impacts/JORFDOLE000050427907__etude-impact-1.pdf	746	"Tableau de concordance de l'étude d'impact, page 746 : directive (UE) 2020/1828, Article 9§7 — L.623-14 code de la consommation : ""Lorsque l'identité"	L623-14 (2016-07-01) — écrit par la loi du dossier, 2016-07-01 : Lorsque l'identité et le nombre des consommateurs lésés sont connus et lorsque ces consommateurs ont subi un préjudice d'un même montant, d'un montant identique par prestation rendue ou d'un montant identique par référence à une période ou à une durée, le […]	https://eur-lex.europa.eu/legal-content/FR/TXT/HTML/?uri=CELEX:32020L1828#art_9	juste		sonnet-A	sonnet-B		Page 746 : même ligne « Article 9§7 » ; L.623-14 y figure aussi, même objet.	Page 746, même ligne Article 9§7 que R.623-14 ; L.623-14 y figure aussi, avec un extrait identique au texte en vigueur.		2026-09-24
juste	b3bfa257814b9fce	32011L0083	10		Défaut d’information sur le droit de rétractation	L121-21-1	L121-21-1	JORFDOLE000027383756	travail/corpus/impacts/JORFDOLE000027383756__etude-impact-1.pdf	151	Tableau de concordance de l'étude d'impact, page 151 : directive 2011/83/UE, Article 10 — Art. L. 121-21-1	L121-21-1 (2014-06-14) — écrit par la loi du dossier, 2014-06-14 : Lorsque les informations relatives au droit de rétractation n'ont pas été fournies au consommateur dans les conditions prévues au 2° du I de l'article L. 121-17, le délai de rétractation est prolongé de douze mois à compter de l'expiration du délai de r […]	https://eur-lex.europa.eu/legal-content/FR/TXT/HTML/?uri=CELEX:32011L0083#art_10	juste		sonnet-A	sonnet-B		Page 151 : la ligne « Article 10 » fait face à « Art. L. 121-21-1 » ; même objet.	Page 151, la ligne de l'article 10 (défaut d'information sur la rétractation) porte en face L. 121-21-1, dont le texte prolonge le délai de rétractation en cas de défaut d'information, comme le prévoit l'article 10.		2026-09-24
juste	b53b25ca5420ba36	32011L0083	2	10	Définitions	L121-16	L121-16	JORFDOLE000027383756	travail/corpus/impacts/JORFDOLE000027383756__etude-impact-1.pdf	137	Tableau de concordance de l'étude d'impact, page 137 : directive 2011/83/UE,  Art.2-10 — Art. L. 121-16 3°	"L121-16 (1993-07-27) — écrit par la loi du dossier, 2014-06-14 : Au sens de la présente section, sont considérés comme : 1° ""Contrat à distance"" tout contrat co […] ‖ avant, 2005-12-01 : Les dispositions de la présente sous-section s'appliquent à toute vente d'un bien ou toute fourniture d'une prestation de service conclue, sans la  […]"	https://eur-lex.europa.eu/legal-content/FR/TXT/HTML/?uri=CELEX:32011L0083#art_2	juste		sonnet-A	sonnet-B		Page 137 : la ligne « Art.2-10) Support durable » fait face à « Art. L. 121-16 3° » ; même objet.	Page 137, la ligne Art.2-10 (support durable) porte en face L. 121-16 3°, qui définit bien le support durable.		2026-09-24
juste	be221d2bdfc8fa05	32020L1828	4	2	Entités qualifiées	L623-1	L623-1	JORFDOLE000050427907	travail/corpus/impacts/JORFDOLE000050427907__etude-impact-1.pdf	732	Tableau de concordance de l'étude d'impact, page 732 : directive (UE) 2020/1828, Article 4 §2 — L.623-1 code de la consommation et L.621-7 code de la	L623-1 (2016-07-01) — écrit par la loi du dossier, 2018-11-25 : Une association de défense des consommateurs représentative au niveau national et agréée en appl […] ‖ avant, 2016-07-01 : Une association de défense des consommateurs représentative au niveau national et agréée en application de l'article L. 811-1 peut agir devant une  […]	https://eur-lex.europa.eu/legal-content/FR/TXT/HTML/?uri=CELEX:32020L1828#art_4	juste		sonnet-A	sonnet-B		Page 732 : la ligne « Article 4§2 » cite en dispositions proposées « L.623-1 code de la consommation et L.621-7 code de la consommation (cf. supra) » ; L.623-1 y figure, même objet.	Page 732, même ligne Article 4§2 que L.621-7 ; L.623-1 y figure aussi en « disposition proposée » « cf. supra », et son texte correspond aux associations agréées visées par l'article 4.		2026-09-24
juste	c24237a0e8434b70	32011L0083	5		Obligations d’information concernant les contrats autres que les contrats à distance ou hors établissement	L111-2	L111-2	JORFDOLE000027383756	travail/corpus/impacts/JORFDOLE000027383756__etude-impact-1.pdf	140	Tableau de concordance de l'étude d'impact, page 140 : directive 2011/83/UE, Article 5 — Art. L. 111-1, L. 111-2, L. 113-3 et L.	L111-2 (1993-07-27) — écrit par la loi du dossier, 2014-06-14 : I.-Outre les mentions prévues à l'article L. 111-1, tout professionnel, avant la conclusion d'un […] ‖ avant, 2010-07-25 : I. - Tout professionnel prestataire de services doit avant la conclusion du contrat et, en tout état de cause, lorsqu'il n'y pas de contrat écrit,  […]	https://eur-lex.europa.eu/legal-content/FR/TXT/HTML/?uri=CELEX:32011L0083#art_5	juste		sonnet-A	sonnet-B		Page 140 : même ligne « Article 5 » ; L.111-2 y figure aussi, même objet.	Page 140, même ligne que pour L.111-1 et L.113-3 (article 5) ; L111-2 porte sur les obligations d'information des prestataires de services, complémentaires à celles de l'article 5.		2026-09-24
juste	c3e2780d195c80ac	32020L1828	13	2	Informations sur les actions représentatives	L623-15	L623-15	JORFDOLE000050427907	travail/corpus/impacts/JORFDOLE000050427907__etude-impact-1.pdf	757	Tableau de concordance de l'étude d'impact, page 757 : directive (UE) 2020/1828, Article 13§2 — L.623-15 code de la consommation	L623-15 (2016-07-01) — écrit par la loi du dossier, 2016-07-01 : Préalablement à son exécution par le professionnel et selon des modalités et dans le délai fixés par le juge, la décision mentionnée à l'article L. 623-14, lorsqu'elle n'est plus susceptible de recours ordinaires ni de pourvoi en cassation, fait l'objet d […]	https://eur-lex.europa.eu/legal-content/FR/TXT/HTML/?uri=CELEX:32020L1828#art_13	juste		sonnet-A	sonnet-B		Page 757 : même ligne « Article 13§2 » ; L.623-15 y figure aussi, même objet.	Page 757, même ligne Article 13§2 que L.623-8 ; L.623-15 y figure aussi, avec un extrait identique au texte en vigueur sur l'exécution de la décision.		2026-09-24
juste	cc018dcc96e710e5	32011L0083	18		Livraison	L138-1	L138-1	JORFDOLE000027383756	travail/corpus/impacts/JORFDOLE000027383756__etude-impact-1.pdf	158	Tableau de concordance de l'étude d'impact, page 158 : directive 2011/83/UE, Article 18 — Art. L.138-1	L138-1 (2008-06-19) — écrit par la loi du dossier, 2014-06-14 : Le professionnel livre le bien ou fournit le service à la date ou dans le délai indiqué au conso […] ‖ avant, 2008-06-19 : Les articles L. 137-1 et L. 137-2 sont applicables à Mayotte, dans les îles Wallis et Futuna, en Nouvelle-Calédonie et dans les Terres australes et […]	https://eur-lex.europa.eu/legal-content/FR/TXT/HTML/?uri=CELEX:32011L0083#art_18	juste		sonnet-A	sonnet-B		Page 158 : la ligne « Article 18 » fait face à « Art. L.138-1 » ; même objet.	Page 158, la ligne de l'article 18 (obligation de livraison) porte en face L.138-1, dont le texte fixe la date de livraison, conforme à l'objet de l'article 18.		2026-09-24
juste	cfcffb6115633f37	32020L1828	10	4	Financement des actions représentatives visant à obtenir des mesures de réparation	R811-7	R811-7	JORFDOLE000050427907	travail/corpus/impacts/JORFDOLE000050427907__etude-impact-1.pdf	752	"Tableau de concordance de l'étude d'impact, page 752 : directive (UE) 2020/1828, Article 10§4 — R.811-7 code de la consommation : ""L'agrément peut"	R811-7 (2016-07-01) — en vigueur à la loi du dossier, 2016-07-01 : L'agrément peut être retiré après avis du procureur général, lorsque l'association n'a plus le nombre d'adhérents requis pour son agrément, lorsqu'elle ne peut plus justifier de l'activité définie à l'article R. 811-1 ou lorsqu'il est établi qu'elle n'e […]	https://eur-lex.europa.eu/legal-content/FR/TXT/HTML/?uri=CELEX:32020L1828#art_10	juste		sonnet-A	sonnet-B		Page 752 : la ligne « Article 10§4 » cite en normes existantes R.623-6, « R.811-7 code de la consommation », L.1143-2 CSP et R.1114-16 CSP ; R.811-7 y figure, même objet.	Page 752, la ligne Article 10§4 cite R.811-7, avec un extrait identique au texte en vigueur sur le retrait de l'agrément.		2026-09-24
juste	e815e9afb32ce490	32011L0083	7		Obligations formelles concernant les contrats hors établissement	L121-18-1	L121-18-1	JORFDOLE000027383756	travail/corpus/impacts/JORFDOLE000027383756__etude-impact-1.pdf	145	Tableau de concordance de l'étude d'impact, page 145 : directive 2011/83/UE, Article 7 — Art. L. 121-18-1	L121-18-1 (2014-06-14) — écrit par la loi du dossier, 2014-06-14 : Le professionnel fournit au consommateur un exemplaire du contrat conclu hors établissement, sur papier signé par les parties ou, avec l'accord du consommateur, sur un autre support durable, confirmant l'engagement exprès des parties. Ce contrat compren […]	https://eur-lex.europa.eu/legal-content/FR/TXT/HTML/?uri=CELEX:32011L0083#art_7	juste		sonnet-A	sonnet-B		Pages 145-146 : dans la même ligne « Article 7 » (7-2, exemplaire du contrat), la cellule impact porte « Art. L. 121-18-1 » ; même objet.	Pages 145-146, la ligne de l'article 7 (7-2, fourniture d'un exemplaire du contrat) porte en face L. 121-18-1, dont le texte correspond à la remise d'un exemplaire du contrat hors établissement.		2026-09-24
juste	fbc3141002ae0e67	32011L0083	2	14	Définitions	L211-15	L211-15	JORFDOLE000027383756	travail/corpus/impacts/JORFDOLE000027383756__etude-impact-1.pdf	137	Tableau de concordance de l'étude d'impact, page 137 : directive 2011/83/UE,  Art.2-14 — Art. L. 211-15	L211-15 (2005-02-18) — écrit par la loi du dossier, 2014-03-19 : La garantie commerciale s'entend de tout engagement contractuel d'un professionnel à l'égard du […] ‖ avant, 2005-02-18 : La garantie commerciale offerte à l'acheteur prend la forme d'un écrit mis à la disposition de celui-ci. Cet écrit précise le contenu de la garanti […]	https://eur-lex.europa.eu/legal-content/FR/TXT/HTML/?uri=CELEX:32011L0083#art_2	juste		sonnet-A	sonnet-B		Page 137 : la ligne « Art.2-14) Garantie commerciale » fait face à « Art. L. 211-15 » ; même objet.	Page 137, la ligne Art.2-14 (garantie commerciale) porte en face L. 211-15, qui définit bien la garantie commerciale.		2026-09-24
