id_dole	nature	legislature	articles_en_vigueur	textes	titre
JORFDOLE000017758142	loi	13	2	JORFTEXT000017942023	Loi n° 2008-66 du 21 janvier 2008 relative aux tarifs réglementésd'électricité et de gaz naturel
JORFDOLE000017758143	loi	13	35	JORFTEXT000017661897	Loi n°2007-1774 du 17 décembre 2007 portant diverses dispositions d'adaptation au droit communautaire dans les domaines économique et financier
JORFDOLE000017758167	loi	13	2	JORFTEXT000017727195	LOI n° 2007-1787 du 20 décembre 2007 relative à la simplification du droit
JORFDOLE000017758176	loi	13	13	JORFTEXT000000279082	LOI n° 2007-1544 du 29 octobre 2007 de lutte contre la contrefaçon
JORFDOLE000017758233	loi	12	28	JORFTEXT000000271094	LOI n° 2007-290 du 5 mars 2007 instituant le droit au logement opposable et portant diverses mesures en faveur de la cohésion sociale
JORFDOLE000017758328	loi	12	4	JORFTEXT000000649171	LOI n° 2006-1772 du 30 décembre 2006 sur l'eau et les milieux aquatiques
JORFDOLE000017758391	loi	12	50	JORFTEXT000000462914	LOI n° 2006-1537 du 7 décembre 2006 relative au secteur de l'énergie
JORFDOLE000017758446	loi	12	4	JORFTEXT000000238980	LOI n° 2006-872 du 13 juillet 2006 portant engagement national pour le logement
JORFDOLE000017758534	loi	12	1	JORFTEXT000000607494	LOI n° 2006-406 du 5 avril 2006 relative à la garantie de conformité du bien au contrat due par le vendeur au consommateur et à la responsabilité du fait des produits défectueux
JORFDOLE000017758603	loi	12	5	JORFTEXT000000264992	LOI n° 2006-11 du 5 janvier 2006 d'orientation agricole
JORFDOLE000017758604	loi	12	9	JORFTEXT000000456019	LOI n° 2006-10 du 5 janvier 2006 relative à la sécurité et au développement des transports
JORFDOLE000017758692	loi	12	4	JORFTEXT000000452052	LOI n° 2005-882 du 2 août 2005 en faveur des petites et moyennes entreprises
JORFDOLE000017758767	loi	12	2	JORFTEXT000000632799	LOI n° 2005-841 du 26 juillet 2005 relative au développement des services à la personne et portant diverses mesures en faveur de la cohésion sociale
JORFDOLE000017758855	loi	12	10	JORFTEXT000000446769	LOI n° 2005-516 du 20 mai 2005 relative à la régulation des activités postales
JORFDOLE000017758964	loi	12	3	JORFTEXT000000257340	LOI n° 2005-157 du 23 février 2005 relative au développement des territoires ruraux
JORFDOLE000017759076	loi	12	26	JORFTEXT000000606011	LOI n° 2005-67 du 28 janvier 2005 tendant à conforter la confiance et la protection du consommateur
JORFDOLE000017759081	loi	12	15	JORFTEXT000000806166	LOI n° 2005-32 du 18 janvier 2005 de programmation pour la cohésion sociale
JORFDOLE000017759386	loi	12	10	JORFTEXT000000441676	LOI n° 2004-801 du 6 août 2004 relative à la protection des personnes physiques à l'égard des traitements de données à caractère personnel et modifiant la loi n° 78-17 du 6 janvier 1978 relative à l'informatique, aux fichiers et aux libertés
JORFDOLE000017759445	loi	12	6	JORFTEXT000000439399	LOI n° 2004-669 du 9 juillet 2004 relative aux communications électroniques et aux services de communication audiovisuelle
JORFDOLE000017759461	loi	12	7	JORFTEXT000000801164	LOI n° 2004-575 du 21 juin 2004 pour la confiance dans l'économie numérique
JORFDOLE000017760141	loi	12	92	JORFTEXT000000428979	LOI n° 2003-710 du 1er août 2003 d'orientation et de programmation pour la ville et la rénovation urbaine
JORFDOLE000017760197	loi	12	28	JORFTEXT000000428977	LOI n° 2003-706 du 1er août 2003 de sécurité financière
JORFDOLE000017760408	loi	12	2	JORFTEXT000000412199	Loi n° 2003-239 du 18 mars 2003 pour la sécurité intérieure
JORFDOLE000017760742	ordonnance	12	89	JORFTEXT000000639090	Ordonnance n° 2006-346 du 23 mars 2006 relative aux sûretés
JORFDOLE000017760830	ordonnance	12	44	JORFTEXT000000447729	Ordonnance n° 2005-1086 du 1er septembre 2005 instaurant un règlement transactionnel pour les contraventions au code de commerce et au code de la consommation et portant adaptation des pouvoirs d'enquête et renforcement de la coopération administrative en matière de protection des consommateurs
JORFDOLE000017760926	ordonnance	12	30	JORFTEXT000000259993	Ordonnance n° 2005-648 du 6 juin 2005 relative à la commercialisation à distance de services financiers auprès des consommateurs
JORFDOLE000017761015	ordonnance	12	35	JORFTEXT000000787131	Ordonnance n° 2004-1173 du 4 novembre 2004 portant adaptation de certaines dispositions du code de commerce au droit communautaire de la concurrence
JORFDOLE000017761046	ordonnance	12	72	JORFTEXT000000801603	Ordonnance n° 2004-670 du 9 juillet 2004 portant transposition de la directive 2001/95/CE sur la sécurité générale des produits et adaptation de la législation au droit communautaire en matière de sécurité et de conformité des produits
JORFDOLE000017761122	ordonnance	12	2	JORFTEXT000000249843	Ordonnance n°2004-274 du 25 mars 2004 portant simplification du droit et des formalités pour les entreprises
JORFDOLE000017841208	loi	13	93	JORFTEXT000017785995	LOI n°2008-3 du 3 janvier 2008 pour le développement de la concurrence aux services des consommateurs
JORFDOLE000018052730	loi	12	8	JORFTEXT000000414455	LOI n° 2003-721 du 1er août 2003 pour l'initiative économique
JORFDOLE000018157637	loi	12	37	JORFTEXT000000787078	LOI n° 2004-806 du 9 août 2004 relative à la politique de santé publique
JORFDOLE000018730653	loi	13	83	JORFTEXT000019283050	Loi n° 2008-776 du 4 août 2008 de modernisation de l'économie
JORFDOLE000018770022	loi	13	2	JORFTEXT000019013696	LOI n° 2008-561 du 17 juin 2008 portant réforme de la prescription en matière civile
JORFDOLE000019261102	loi	13	1	JORFTEXT000020671201	LOI n° 2009-594 du 27 mai 2009 pour le développement économique des outre-mer
JORFDOLE000019424060	loi	13	4	JORFTEXT000019860428	Loi n° 2008-1249 du 1er décembre 2008 généralisant le revenu de solidarité active et réformant les politiques d'insertion
JORFDOLE000019456981	loi	13	2	JORFTEXT000021451610	LOI n° 2009-1503 du 8 décembre 2009 relative à l'organisation et à la régulation des transports ferroviaires et portant diverses dispositions relatives aux transports
JORFDOLE000019523974	loi	13	4	JORFTEXT000017750112	LOI n° 2007-1821 du 24 décembre 2007 ratifiant l'ordonnance n° 2006-1547 du 7 décembre 2006 relative à la valorisation des produits agricoles, forestiers ou alimentaires et des produits de la mer
JORFDOLE000019648575	loi	13	13	JORFTEXT000020604162	Loi n° 2009-526 du 12 mai 2009 de simplification et de clarification du droit et d'allègement des procédures
JORFDOLE000020040437	ordonnance	13	5	JORFTEXT000019354199	Ordonnance n° 2008-811 du 22 août 2008 relative aux contrôles de conformité portant sur les aliments pour animaux, les denrées alimentaires d'origine non animale et les fruits et légumes frais, en provenance des pays tiers à la Communauté européenne
JORFDOLE000020040455	ordonnance	13	3	JORFTEXT000019354175	Ordonnance n° 2008-810 du 22 août 2008 complétant la transposition de la directive 2001/95/CE du 3 décembre 2001 relative à la sécurité générale des produits
JORFDOLE000020078758	loi	13	6	JORFTEXT000022470434	LOI n° 2010-788 du 12 juillet 2010 portant engagement national pour l'environnement
JORFDOLE000020132583	loi	13	88	JORFTEXT000023273986	LOI n° 2010-1609 du 22 décembre 2010 relative à l'exécution des décisions de justice, aux conditions d'exercice de certaines professions réglementées et aux experts judiciaires
JORFDOLE000020213483	loi	13	28	JORFTEXT000020893055	Loi n° 2009-888 du 22 juillet 2009 de développement et de modernisation des services touristiques
JORFDOLE000020542090	loi	13	345	JORFTEXT000022419094	LOI n° 2010-737 du 1er juillet 2010 portant réforme du crédit à la consommation
JORFDOLE000020913188	loi	13	6	JORFTEXT000022511227	LOI n° 2010-853 du 23 juillet 2010 relative aux réseaux consulaires, au commerce, à l'artisanat et aux services
JORFDOLE000021369332	loi	13	34	JORFTEXT000024021430	LOI n° 2011-525 du 17 mai 2011 de simplification et d'amélioration de la qualité du droit
JORFDOLE000021490698	loi	13	57	JORFTEXT000022940663	LOI n° 2010-1249 du 22 octobre 2010 de régulation bancaire et financière
JORFDOLE000021673304	loi	13	7	JORFTEXT000022521587	LOI n° 2010-874 du 27 juillet 2010 de modernisation de l'agriculture et de la pêche
JORFDOLE000021897051	ordonnance	13	9	JORFTEXT000021868310	Ordonnance n° 2010-177 du 23 février 2010 de coordination avec la loi n° 2009-879 du 21 juillet 2009 portant réforme de l'hôpital et relative aux patients, à la santé et aux territoires
JORFDOLE000021901607	ordonnance	13	3	JORFTEXT000021637409	Ordonnance n° 2010-18 du 7 janvier 2010 portant création d'une agence nationale chargée de la sécurité sanitaire de l'alimentation, de l'environnement et du travail
JORFDOLE000021901657	loi	13	4	JORFTEXT000024960344	LOI n° 2011-1862 du 13 décembre 2011 relative à la répartition des contentieux et à l'allègement de certaines procédures juridictionnelles
JORFDOLE000021901703	ordonnance	13	35	JORFTEXT000020856747	Ordonnance n° 2009-866 du 15 juillet 2009 relative aux conditions régissant la fourniture de services de paiement et portant création des établissements de paiement
JORFDOLE000021937498	ordonnance	12	7	JORFTEXT000000465978	Ordonnance n° 2007-329 du 12 mars 2007 relative au code du travail (partie législative)
JORFDOLE000021947750	ordonnance	12	36	JORFTEXT000000820026	Ordonnance n° 2006-1547 du 7 décembre 2006 relative à la valorisation des produits agricoles, forestiers ou alimentaires et des produits de la mer
JORFDOLE000021947761	ordonnance	12	42	JORFTEXT000000615822	Ordonnance n° 2006-1224 du 5 octobre 2006 prise pour l'application du II de l'article 71 de la loi n° 2006-11 du 5 janvier 2006 d'orientation agricole
JORFDOLE000021948176	ordonnance	12	8	JORFTEXT000000639476	Ordonnance n° 2006-461 du 21 avril 2006 réformant la saisie immobilière
JORFDOLE000021979239	ordonnance	12	18	JORFTEXT000000257818	Ordonnance n° 2005-136 du 17 février 2005 relative à la garantie de la conformité du bien au contrat due par le vendeur au consommateur
JORFDOLE000022095875	loi	13	11	JORFTEXT000023174854	LOI n° 2010-1488 du 7 décembre 2010 portant nouvelle organisation du marché de l'électricité
JORFDOLE000022204472	ordonnance	13	25	JORFTEXT000022176680	Ordonnance n° 2010-462 du 6 mai 2010 créant un livre IX du code rural relatif à la pêche maritime et à l'aquaculture marine
JORFDOLE000022204474	ordonnance	13	5	JORFTEXT000022176626	Ordonnance n° 2010-461 du 6 mai 2010 portant adaptation des renvois à des dispositions réglementaires d'application dans la partie législative du code rural
JORFDOLE000022204475	ordonnance	13	5	JORFTEXT000022176494	Ordonnance n° 2010-460 du 6 mai 2010 relative à la modernisation des missions d'inspection et de contrôle et à la mise en cohérence de diverses dispositions du livre II du code rural
JORFDOLE000022204481	ordonnance	13	25	JORFTEXT000022165701	Ordonnance n° 2010-420 du 27 avril 2010 portant adaptation de dispositions résultant de la fusion de la direction générale des impôts et de la direction générale de la comptabilité publique
JORFDOLE000023107348	loi	13	35	JORFTEXT000023367755	LOI n° 2011-12 du 5 janvier 2011 portant diverses dispositions d'adaptation de la législation au droit de l'Union européenne
JORFDOLE000023214168	ordonnance	13	2	JORFTEXT000023215692	Ordonnance n° 2010-1512 du 9 décembre 2010 portant adaptation du droit des entreprises en difficulté et des procédures de traitement des situations de surendettement à l'entrepreneur individuel à responsabilité limitée
JORFDOLE000024372025	ordonnance	13	1	JORFTEXT000024363244	Ordonnance n° 2011-840 du 15 juillet 2011 relative à la mise en conformité des dispositions nationales avec le droit de l'Union européenne sur la mise sur le marché et l'utilisation des produits phytopharmaceutiques
JORFDOLE000024418911	loi	13	1	JORFTEXT000025053440	LOI n° 2011-2012 du 29 décembre 2011 relative au renforcement de la sécurité sanitaire du médicament et des produits de santé
JORFDOLE000024633970	loi	13	1	JORFTEXT000025005833	LOI n° 2011-1906 du 21 décembre 2011 de financement de la sécurité sociale pour 2012
JORFDOLE000024664321	loi	14	1	JORFTEXT000026830015	LOI n° 2012-1442 du 24 décembre 2012 visant à la suspension de la fabrication, de l'importation, de l'exportation et de la mise sur le marché de tout conditionnement à vocation alimentaire contenant du bisphénol A
JORFDOLE000024684762	loi	13	16	JORFTEXT000025553296	LOI n° 2012-387 du 22 mars 2012 relative à la simplification du droit et à l'allégement des démarches administratives
JORFDOLE000025197922	loi	13	39	JORFTEXT000025540947	LOI n° 2012-375 du 19 mars 2012 relative à l'organisation du service et à l'information des passagers dans les entreprises de transport aérien de passagers et à diverses dispositions dans le domaine des transports
JORFDOLE000025642874	ordonnance	13	8	JORFTEXT000024502658	Ordonnance n° 2011-1012 du 24 août 2011 relative aux communications électroniques
JORFDOLE000026246096	loi	14	35	JORFTEXT000026998473	LOI n° 2013-100 du 28 janvier 2013 portant diverses dispositions d'adaptation de la législation au droit de l'Union européenne en matière économique et financière
JORFDOLE000026349687	loi	14	4	JORFTEXT000026657458	LOI n° 2012-1270 du 20 novembre 2012 relative à la régulation économique outre-mer et portant diverses dispositions relatives aux outre-mer
JORFDOLE000026459244	loi	14	2	JORFTEXT000027310001	LOI n° 2013-312 du 15 avril 2013 visant à préparer la transition vers un système énergétique sobre et portant diverses dispositions sur la tarification de l'eau et sur les éoliennes
JORFDOLE000026795365	loi	14	118	JORFTEXT000027754539	LOI n° 2013-672 du 26 juillet 2013 de séparation et de régulation des activités bancaires
JORFDOLE000026870905	ordonnance	14	10	JORFTEXT000026805101	Ordonnance n° 2012-1427 du 19 décembre 2012 relative au renforcement de la sécurité de la chaîne d'approvisionnement des médicaments, à l'encadrement de la vente de médicaments sur internet et à la lutte contre la falsification de médicaments
JORFDOLE000026886919	loi	14	5	JORFTEXT000027469717	LOI n° 2013-431 du 28 mai 2013 portant diverses dispositions en matière d'infrastructures et de services de transports
JORFDOLE000027383756	loi	14	446	JORFTEXT000028738036	LOI n° 2014-344 du 17 mars 2014 relative à la consommation
JORFDOLE000027617351	loi	14	36	JORFTEXT000028772256	LOI n° 2014-366 du 24 mars 2014 pour l'accès au logement et un urbanisme rénové
JORFDOLE000027621336	ordonnance	14	42	JORFTEXT000027617519	Ordonnance n° 2013-544 du 27 juin 2013 relative aux établissements de crédit et aux sociétés de financement
JORFDOLE000027654910	loi	14	3	JORFTEXT000029330832	LOI n° 2014-873 du 4 août 2014 pour l'égalité réelle entre les femmes et les hommes
JORFDOLE000027750379	loi	14	4	JORFTEXT000029313296	LOI n° 2014-856 du 31 juillet 2014 relative à l'économie sociale et solidaire
JORFDOLE000027926565	loi	14	1	JORFTEXT000028424785	LOI n° 2014-1 du 2 janvier 2014 habilitant le Gouvernement à simplifier et sécuriser la vie des entreprises
JORFDOLE000028196878	loi	14	1	JORFTEXT000029573022	LOI n° 2014-1170 du 13 octobre 2014 d'avenir pour l'agriculture, l'alimentation et la forêt
JORFDOLE000029014191	ordonnance	14	35	JORFTEXT000029008408	Ordonnance n° 2014-559 du 30 mai 2014 relative au financement participatif
JORFDOLE000029039475	loi	14	35	JORFTEXT000031700731	LOI n° 2015-1776 du 28 décembre 2015 relative à l'adaptation de la société au vieillissement
JORFDOLE000029134377	loi	14	65	JORFTEXT000029926655	LOI n° 2014-1545 du 20 décembre 2014 relative à la simplification de la vie des entreprises et portant diverses dispositions de simplification et de clarification du droit et des procédures administratives
JORFDOLE000029224335	loi	14	35	JORFTEXT000029527162	LOI n° 2014-1104 du 1er octobre 2014 relative aux taxis et aux voitures de transport avec chauffeur
JORFDOLE000029310724	loi	14	35	JORFTEXT000031044385	LOI n° 2015-992 du 17 août 2015 relative à la transition énergétique pour la croissance verte
JORFDOLE000029589477	loi	14	36	JORFTEXT000031912641	LOI n° 2016-41 du 26 janvier 2016 de modernisation de notre système de santé
JORFDOLE000029883713	loi	14	83	JORFTEXT000030978561	LOI n° 2015-990 du 6 août 2015 pour la croissance, l'activité et l'égalité des chances économiques
JORFDOLE000030513128	loi	14	4	JORFTEXT000031046061	LOI n° 2015-994 du 17 août 2015 relative au dialogue social et à l'emploi
JORFDOLE000030536694	loi	14	1	JORFTEXT000031311177	LOI n° 2015-1268 du 14 octobre 2015 d'actualisation du droit des outre-mer
JORFDOLE000030677206	ordonnance	14	1	JORFTEXT000030674221	Ordonnance n° 2015-615 du 4 juin 2015 relative à la mise sur le marché et à l'utilisation des matières fertilisantes, des adjuvants pour matières fertilisantes et des supports de culture
JORFDOLE000030677245	ordonnance	14	5	JORFTEXT000030674270	Ordonnance n° 2015-616 du 4 juin 2015 modifiant le code rural et de la pêche maritime en vue d'assurer la conformité de ses dispositions avec le droit de l'Union européenne et modifiant les dispositions relatives à la recherche et à la constatation des infractions aux dispositions de son livre II
JORFDOLE000030962821	loi	14	44	JORFTEXT000033418805	LOI n° 2016-1547 du 18 novembre 2016 de modernisation de la justice du XXIe siècle
JORFDOLE000031072567	ordonnance	14	67	JORFTEXT000031070940	Ordonnance n° 2015-1033 du 20 août 2015 relative au règlement extrajudiciaire des litiges de consommation
JORFDOLE000031278667	loi	14	1	JORFTEXT000031663208	LOI n° 2015-1702 du 21 décembre 2015 de financement de la sécurité sociale pour 2016
JORFDOLE000031589829	loi	14	9	JORFTEXT000033202746	LOI n° 2016-1321 du 7 octobre 2016 pour une République numérique
JORFDOLE000031598001	ordonnance	14	2	JORFTEXT000031593830	Ordonnance n° 2015-1628 du 10 décembre 2015 relative aux garanties consistant en une prise de position formelle, opposable à l'administration, sur l'application d'une norme à la situation de fait ou au projet du demandeur
JORFDOLE000031974277	loi	14	1	JORFTEXT000032627231	LOI n° 2016-731 du 3 juin 2016 renforçant la lutte contre le crime organisé, le terrorisme et leur financement, et améliorant l'efficacité et les garanties de la procédure pénale
JORFDOLE000031978450	loi	14	2	JORFTEXT000032728685	LOI n° 2016-816 du 20 juin 2016 pour l'économie bleue
JORFDOLE000031983191	loi	14	3	JORFTEXT000033897475	LOI n° 2017-55 du 20 janvier 2017 portant statut général des autorités administratives indépendantes et des autorités publiques indépendantes
JORFDOLE000032036173	ordonnance	14	37	JORFTEXT000032004939	Ordonnance n° 2016-131 du 10 février 2016 portant réforme du droit des contrats, du régime général et de la preuve des obligations
JORFDOLE000032223954	ordonnance	14	1092	JORFTEXT000032209352	Ordonnance n° 2016-301 du 14 mars 2016 relative à la partie législative du code de la consommation
JORFDOLE000032302646	ordonnance	14	117	JORFTEXT000032294277,JORFTEXT000032445850	Ordonnance n° 2016-351 du 25 mars 2016 sur les contrats de crédit aux consommateurs relatifs aux biens immobiliers à usage d'habitation
JORFDOLE000032319792	loi	14	12	JORFTEXT000033558528	LOI n° 2016-1691 du 9 décembre 2016 relative à la transparence, à la lutte contre la corruption et à la modernisation de la vie économique
JORFDOLE000032539659	loi	14	2	JORFTEXT000033293745	LOI n° 2016-1428 du 24 octobre 2016 relative au renforcement de la sécurité de l'usage des drones civils
JORFDOLE000032669047	loi	14	58	JORFTEXT000034070801	LOI n° 2017-203 du 21 février 2017 ratifiant les ordonnances n° 2016-301 du 14 mars 2016 relative à la partie législative du code de la consommation et n° 2016-351 du 25 mars 2016 sur les contrats de crédit aux consommateurs relatifs aux biens immobiliers à usage d'habitation et simplifiant le dispositif de mise en œuvre des obligations en matière de conformité et de sécurité des produits et services
JORFDOLE000032921896	loi	14	1	JORFTEXT000033734510	LOI n° 2016-1920 du 29 décembre 2016 relative à la régulation, à la responsabilisation et à la simplification dans le secteur du transport public particulier de personnes
JORFDOLE000034131633	ordonnance	14	46	JORFTEXT000034128373	Ordonnance n° 2017-269 du 2 mars 2017 portant dispositions relatives à l'outre-mer du code de la consommation
JORFDOLE000034384711	ordonnance	14	1	JORFTEXT000034379166	Ordonnance n° 2017-484 du 6 avril 2017 relative à la création d'organismes dédiés à l'exercice de l'activité de retraite professionnelle supplémentaire et à l'adaptation des régimes de retraite supplémentaire en unités de rente
JORFDOLE000034852862	ordonnance	14	2	JORFTEXT000034849528	Ordonnance n° 2017-1090 du 1er juin 2017 relative aux offres de prêt immobilier conditionnées à la domiciliation des salaires ou revenus assimilés de l'emprunteur sur un compte de paiement
JORFDOLE000035399289	ordonnance	15	1	JORFTEXT000035394629	Ordonnance n° 2017-1252 du 9 août 2017 portant transposition de la directive 2015/2366 du Parlement européen et du Conseil du 25 novembre 2015 concernant les services de paiement dans le marché intérieur
JORFDOLE000035518975	loi	15	2	JORFTEXT000036339396	LOI n° 2017-1839 du 30 décembre 2017 mettant fin à la recherche ainsi qu'à l'exploitation des hydrocarbures et portant diverses dispositions relatives à l'énergie et à l'environnement
JORFDOLE000035722616	ordonnance	15	1	JORFTEXT000035720606	Ordonnance n° 2017-1426 du 4 octobre 2017 relative à l'identification électronique et aux services de confiance pour les transactions électroniques
JORFDOLE000035722724	ordonnance	15	43	JORFTEXT000035720869	Ordonnance n° 2017-1433 du 4 octobre 2017 relative à la dématérialisation des relations contractuelles dans le secteur financier
JORFDOLE000036195293	loi	15	1	JORFTEXT000037085952	LOI n° 2018-493 du 20 juin 2018 relative à la protection des données personnelles
JORFDOLE000036562265	loi	15	10	JORFTEXT000037547946	LOI n° 2018-938 du 30 octobre 2018 pour l'équilibre des relations commerciales dans le secteur agricole et alimentaire et une alimentation saine, durable et accessible à tous
JORFDOLE000036769798	loi	15	4	JORFTEXT000037639478	LOI n° 2018-1021 du 23 novembre 2018 portant évolution du logement, de l'aménagement et du numérique
JORFDOLE000036843606	ordonnance	11	36	JORFTEXT000000219662	Ordonnance n° 2000-912 du 18 septembre 2000 relative à la partie législative du code de commerce
JORFDOLE000036919368	ordonnance	15	1	JORFTEXT000036915336	Ordonnance n° 2018-361 du 16 mai 2018 relative à la distribution d'assurances
JORFDOLE000037080861	loi	15	6	JORFTEXT000038496102	LOI n° 2019-486 du 22 mai 2019 relative à la croissance et la transformation des entreprises
JORFDOLE000037320052	ordonnance	11	60	JORFTEXT000000219672	Ordonnance n° 2000-916 du 19 septembre 2000 portant adaptation de la valeur en euros de certains montants exprimés en francs dans les textes législatifs
JORFDOLE000037320571	ordonnance	11	49	JORFTEXT000000590436	Ordonnance n° 2001-741 du 23 août 2001 portant transposition de directives communautaires et adaptation au droit communautaire en matière de droit de la consommation
JORFDOLE000037646678	loi	15	2	JORFTEXT000039666574	LOI n° 2019-1428 du 24 décembre 2019 d'orientation des mobilités
JORFDOLE000037775649	loi	15	12	JORFTEXT000042148119	LOI n° 2020-901 du 24 juillet 2020 visant à encadrer le démarchage téléphonique et à lutter contre les appels frauduleux
JORFDOLE000037804837	ordonnance	15	5	JORFTEXT000037800506	Ordonnance n° 2018-1125 du 12 décembre 2018 prise en application de l'article 32 de la loi n° 2018-493 du 20 juin 2018 relative à la protection des données personnelles et portant modification de la loi n° 78-17 du 6 janvier 1978 relative à l'informatique, aux fichiers et aux libertés et diverses dispositions concernant la protection des données à caractère personnel
JORFDOLE000038282514	loi	15	3	JORFTEXT000038766567	LOI n° 2019-733 du 14 juillet 2019 relative au droit de résiliation sans frais de contrats de complémentaire santé
JORFDOLE000038357854	loi	15	4	JORFTEXT000039241255	LOI n° 2019-1063 du 18 octobre 2019 relative à la modernisation de la distribution de la presse
JORFDOLE000038411810	ordonnance	15	1	JORFTEXT000038410222	Ordonnance n° 2019-363 du 24 avril 2019 étendant les pouvoirs de police judiciaire des agents mentionnés à l'article L. 205-1 du code rural et de la pêche maritime et à l'article L. 511-3 du code de la consommation
JORFDOLE000038430994	loi	15	3	JORFTEXT000039355955	LOI n° 2019-1147 du 8 novembre 2019 relative à l'énergie et au climat
JORFDOLE000038746653	loi	15	29	JORFTEXT000041553759	LOI n° 2020-105 du 10 février 2020 relative à la lutte contre le gaspillage et à l'économie circulaire
JORFDOLE000038778824	ordonnance	15	8	JORFTEXT000038777413	Ordonnance n° 2019-740 du 17 juillet 2019 relative aux sanctions civiles applicables en cas de défaut ou d'erreur du taux effectif global
JORFDOLE000038817711	ordonnance	15	1	JORFTEXT000038812074	Ordonnance n° 2019-770 du 17 juillet 2019 relative à la partie législative du livre VIII du code de la construction et de l'habitation
JORFDOLE000039114475	ordonnance	15	29	JORFTEXT000039110186	Ordonnance n° 2019-964 du 18 septembre 2019 prise en application de la loi n° 2019-222 du 23 mars 2019 de programmation 2018-2022 et de réforme pour la justice
JORFDOLE000039168176	ordonnance	15	2	JORFTEXT000039167499	Ordonnance n° 2019-1015 du 2 octobre 2019 réformant la régulation des jeux d'argent et de hasard
JORFDOLE000039374523	ordonnance	15	8	JORFTEXT000039373287	Ordonnance n° 2019-1169 du 13 novembre 2019 relative aux marques de produits ou de services
JORFDOLE000039451785	loi	15	8	JORFTEXT000041982762	LOI n° 2020-699 du 10 juin 2020 relative à la transparence de l'information sur les produits agricoles et alimentaires
JORFDOLE000041534356	loi	15	1	JORFTEXT000042619877	LOI n° 2020-1525 du 7 décembre 2020 d'accélération et de simplification de l'action publique
JORFDOLE000041566073	loi	15	13	JORFTEXT000042607095	LOI n° 2020-1508 du 3 décembre 2020 portant diverses dispositions d'adaptation au droit de l'Union européenne en matière économique et financière
JORFDOLE000041893160	loi	15	6	JORFTEXT000042007059	LOI n° 2020-734 du 17 juin 2020 relative à diverses dispositions liées à la crise sanitaire, à d'autres mesures urgentes ainsi qu'au retrait du Royaume-Uni de l'Union européenne
JORFDOLE000041985018	ordonnance	15	1	JORFTEXT000041982919	Ordonnance n° 2020-701 du 10 juin 2020 relative à la surveillance du marché des véhicules à moteur
JORFDOLE000042458094	loi	15	2	JORFTEXT000045294275	LOI n° 2022-309 du 3 mars 2022 pour la mise en place d'une certification de cybersécurité des plateformes numériques destinée au grand public
JORFDOLE000042956321	loi	15	10	JORFTEXT000044327272	LOI n° 2021-1485 du 15 novembre 2021 visant à réduire l'empreinte environnementale du numérique en France
JORFDOLE000043113774	loi	15	23	JORFTEXT000043956924	LOI n° 2021-1104 du 22 août 2021 portant lutte contre le dérèglement climatique et renforcement de la résilience face à ses effets
JORFDOLE000043212853	ordonnance	15	8	JORFTEXT000043210238	Ordonnance n° 2021-237 du 3 mars 2021 portant transposition de la directive (UE) 2019/944 du Parlement européen et du Conseil du 5 juin 2019 concernant des règles communes pour le marché intérieur de l'électricité et modifiant la directive 2012/27/UE, et mesures d'adaptation au règlement (UE) 2019/943 du Parlement européen et du Conseil du 5 juin 2019 sur le marché intérieur de l'électricité
JORFDOLE000043370379	loi	15	1	JORFTEXT000044176983	LOI n° 2021-1308 du 8 octobre 2021 portant diverses dispositions d'adaptation au droit de l'Union européenne dans le domaine des transports, de l'environnement, de l'économie et des finances
JORFDOLE000043373684	ordonnance	15	3	JORFTEXT000043370894	Ordonnance n° 2021-443 du 14 avril 2021 relative au régime de responsabilité pénale applicable en cas de circulation d'un véhicule à délégation de conduite et à ses conditions d'utilisation
JORFDOLE000043537810	ordonnance	15	30	JORFTEXT000043534846	Ordonnance n° 2021-650 du 26 mai 2021 portant transposition de la directive (UE) 2018/1972 du Parlement européen et du Conseil du 11 décembre 2018 établissant le code des communications électroniques européen et relative aux mesures d'adaptation des pouvoirs de l'Autorité de régulation des communications électroniques, des postes et de la distribution de la presse
JORFDOLE000043701629	loi	15	7	JORFTEXT000044220683	LOI n° 2021-1357 du 18 octobre 2021 visant à protéger la rémunération des agriculteurs
JORFDOLE000044047464	ordonnance	15	3	JORFTEXT000044044119	Ordonnance n° 2021-1189 du 15 septembre 2021 portant création du Registre national des entreprises
JORFDOLE000044047606	ordonnance	15	1	JORFTEXT000044044441	Ordonnance n° 2021-1192 du 15 septembre 2021 portant réforme du droit des sûretés
JORFDOLE000044063270	ordonnance	15	1	JORFTEXT000044060532	Ordonnance n° 2021-1200 du 15 septembre 2021 relative aux titres Ier et II de la partie législative du livre VII du code monétaire et financier
JORFDOLE000044087520	loi	15	2	JORFTEXT000044637640	LOI n° 2021-1900 du 30 décembre 2021 de finances pour 2022
JORFDOLE000044125588	loi	15	4	JORFTEXT000045167536	LOI n° 2022-172 du 14 février 2022 en faveur de l'activité professionnelle indépendante
JORFDOLE000044129891	ordonnance	15	105	JORFTEXT000044125847	Ordonnance n° 2021-1247 du 29 septembre 2021 relative à la garantie légale de conformité pour les biens, les contenus numériques et les services numériques
JORFDOLE000044288828	loi	15	4	JORFTEXT000044553569	LOI n° 2021-1755 du 23 décembre 2021 visant à renforcer la régulation environnementale du numérique par l'Autorité de régulation des communications électroniques, des postes et de la distribution de la presse
JORFDOLE000044373959	loi	15	10	JORFTEXT000045268729	LOI n° 2022-270 du 28 février 2022 pour un accès plus juste, plus simple et plus transparent au marché de l'assurance emprunteur
JORFDOLE000044550081	ordonnance	15	38	JORFTEXT000044546235	Ordonnance n° 2021-1734 du 22 décembre 2021 transposant la directive 2019/2161 du Parlement européen et du Conseil du 27 novembre 2019 et relative à une meilleure application et une modernisation des règles de l'Union en matière de protection des consommateurs
JORFDOLE000045279111	ordonnance	15	1	JORFTEXT000044590225	Ordonnance n° 2021-1843 du 22 décembre 2021 portant partie législative du code des impositions sur les biens et services et transposant diverses normes du droit de l'Union européenne
JORFDOLE000045400534	ordonnance	15	1	JORFTEXT000045398547	Ordonnance n° 2022-414 du 23 mars 2022 portant adaptation des dispositions du code de la santé publique et du code rural et de la pêche maritime au droit de l'Union européenne dans le domaine des médicaments vétérinaires et aliments médicamenteux
JORFDOLE000045446720	ordonnance	15	2	JORFTEXT000045442717	Ordonnance n° 2022-456 du 30 mars 2022 relative à la création d'un régime de déclaration dans le domaine de la sécurité aérienne et à l'adaptation du droit national à l'entrée en vigueur du règlement (UE) 2018/1139 du 4 juillet 2018
JORFDOLE000046027237	loi	16	20	JORFTEXT000046186723	LOI n° 2022-1158 du 16 août 2022 portant mesures d'urgence pour la protection du pouvoir d'achat
JORFDOLE000046330273	loi	16	1	JORFTEXT000046791754	LOI n° 2022-1616 du 23 décembre 2022 de financement de la sécurité sociale pour 2023
JORFDOLE000046382160	loi	16	1	JORFTEXT000046760877	LOI n° 2022-1587 du 19 décembre 2022 visant à lutter contre la fraude au compte personnel de formation et à interdire le démarchage de ses titulaires
JORFDOLE000046590737	loi	16	5	JORFTEXT000047281777	LOI n° 2023-171 du 9 mars 2023 portant diverses dispositions d'adaptation au droit de l'Union européenne dans les domaines de l'économie, de la santé, du travail, des transports et de l'agriculture
JORFDOLE000047381960	loi	16	3	JORFTEXT000047663185	LOI n° 2023-451 du 9 juin 2023 visant à encadrer l'influence commerciale et à lutter contre les dérives des influenceurs sur les réseaux sociaux
JORFDOLE000047533100	loi	16	18	JORFTEXT000049563368	LOI n° 2024-449 du 21 mai 2024 visant à sécuriser et à réguler l'espace numérique
JORFDOLE000048050653	ordonnance	16	2	JORFTEXT000048049544	Ordonnance n° 2023-857 du 6 septembre 2023 relative à l'accessibilité des personnes sourdes, malentendantes, sourdaveugles et aphasiques aux services téléphoniques
JORFDOLE000048110358	loi	16	1	JORFTEXT000048727345	LOI n° 2023-1322 du 29 décembre 2023 de finances pour 2024
JORFDOLE000048399123	loi	16	12	JORFTEXT000049453263	LOI n° 2024-364 du 22 avril 2024 portant diverses dispositions d'adaptation au droit de l'Union européenne en matière d'économie, de finances, de transition écologique, de droit pénal, de droit social et en matière agricole
JORFDOLE000048404267	loi	16	1	JORFTEXT000049523123	LOI n° 2024-420 du 10 mai 2024 visant à renforcer la lutte contre les dérives sectaires et à améliorer l'accompagnement des victimes
JORFDOLE000048532766	ordonnance	16	5	JORFTEXT000048519109	Ordonnance n° 2023-1139 du 6 décembre 2023 relative aux gestionnaires de crédits et aux acheteurs de crédits
JORFDOLE000048559623	loi	16	5	JORFTEXT000049392425	LOI n° 2024-322 du 9 avril 2024 visant à l'accélération et à la simplification de la rénovation de l'habitat dégradé et des grandes opérations d'aménagement
JORFDOLE000048632889	loi	16	1	JORFTEXT000049563783	LOI n° 2024-450 du 21 mai 2024 relative à l'organisation de la gouvernance de la sûreté nucléaire et de la radioprotection pour répondre au défi de la relance de la filière nucléaire
JORFDOLE000049262627	loi	16	1	JORFTEXT000049385823	LOI n° 2024-317 du 8 avril 2024 portant mesures pour bâtir la société du bien vieillir et de l'autonomie
JORFDOLE000049284718	loi	17	2	JORFTEXT000054399113	LOI n° 2026-602 du 8 juillet 2026 visant à réduire l'impact environnemental de l'industrie textile
JORFDOLE000049467531	loi	17	3	JORFTEXT000054131304	LOI n° 2026-403 du 26 mai 2026 de simplification de la vie économique
JORFDOLE000050362041	ordonnance	17	5	JORFTEXT000050353747	Ordonnance n° 2024-936 du 15 octobre 2024 relative aux marchés de crypto-actifs
JORFDOLE000050427907	loi	17	8	JORFTEXT000051538879	LOI n° 2025-391 du 30 avril 2025 portant diverses dispositions d'adaptation au droit de l'Union européenne en matière économique, financière, environnementale, énergétique, de transport, de santé et de circulation des personnes
JORFDOLE000050494550	ordonnance	17	2	JORFTEXT000050490790	Ordonnance n° 2024-1019 du 13 novembre 2024 portant extension et adaptation en outre-mer des dispositions de la loi n° 2024-449 du 21 mai 2024 visant à sécuriser et à réguler l'espace numérique et du règlement européen 2022/2065
JORFDOLE000050720166	loi	17	1	JORFTEXT000054245251	LOI n° 2026-492 du 12 juin 2026 visant à améliorer la protection et l'accompagnement des parents d'enfants atteints d'un cancer, d'une maladie grave ou d'un handicap
JORFDOLE000051045642	loi	17	35	JORFTEXT000051824277	LOI n° 2025-594 du 30 juin 2025 contre toutes les fraudes aux aides publiques
JORFDOLE000052190730	ordonnance	17	73	JORFTEXT000052184230	Ordonnance n° 2025-880 du 3 septembre 2025 relative au crédit à la consommation
JORFDOLE000052390038	loi	17	9	JORFTEXT000053508155	LOI n° 2026-103 du 19 février 2026 de finances pour 2026
JORFDOLE000052390061	loi	17	1	JORFTEXT000054309429	LOI n° 2026-534 du 25 juin 2026 relative à la lutte contre les fraudes sociales et fiscales
JORFDOLE000052645799	ordonnance	17	26	JORFTEXT000052650320	Ordonnance n° 2025-1091 du 19 novembre 2025 portant réécriture du code de procédure pénale (partie législative)
JORFDOLE000052986367	ordonnance	17	8	JORFTEXT000052982995	Ordonnance n° 2025-1154 du 2 décembre 2025 relative au crédit à la consommation
JORFDOLE000053127249	ordonnance	17	1	JORFTEXT000053091516	Ordonnance n° 2025-1247 du 17 décembre 2025 portant recodification de la taxe sur la valeur ajoutée et diverses modifications du code des impositions sur les biens et services
JORFDOLE000053311315	ordonnance	17	15	JORFTEXT000053298845	Ordonnance n° 2026-2 du 5 janvier 2026 relative à la commercialisation à distance de services financiers auprès des consommateurs
JORFDOLE000053776687	loi	17	3	JORFTEXT000054707007	LOI n° 2026-796 du 18 août 2026 d'urgence pour la protection et la souveraineté agricoles
